verdict,scientific_name,common_name,family,is_active,detail,image_url,license,source_page_url,species_id
NO_IMAGE,Hyarotis coorga,Kodagu Brush Flitter,Hesperiidae,True,no image record,,,,0954be5b-9d7a-484f-828a-4fa5e818e2cf
NO_PROVENANCE,Burara gomata,Pale green awlet,Hesperiidae,True,b6d1cc8683b5415c9e8342093fb5dcf2.jpg,https://butterfly-identification.b-cdn.net/species/f7069db6-0c05-4372-99c0-6f0cf6f502d2/b6d1cc8683b5415c9e8342093fb5dcf2.jpg,,,f7069db6-0c05-4372-99c0-6f0cf6f502d2
PLATE,Ochlodes siva,Assam Darter,Hesperiidae,True,Seitz9FaunaIndoAustralicaPlate172.JPG — plate page (many species on one image),https://butterfly-identification.b-cdn.net/species/hesperiidae/ochlodes_siva/adult_reference.webp,Public domain,https://commons.wikimedia.org/wiki/File:Seitz9FaunaIndoAustralicaPlate172.JPG,460baa7f-8e25-4093-b888-3bc201cd0416
PLATE,Pirdana hyela,Green-striped Palmer,Hesperiidae,True,Seitz_Macrolepidoptera_IndoAustralia_Plate_174_-_Copy.jpg — plate page (many species on one image),https://butterfly-identification.b-cdn.net/species/hesperiidae/pirdana_hyela/adult_reference.webp,Public domain,https://commons.wikimedia.org/wiki/File:Seitz_Macrolepidoptera_IndoAustralia_Plate_174_-_Copy.jpg,41d44169-81e9-4a80-b73a-80127b1f7a2b
PLATE,Pyrgus cashmirensis,Kashmir Skipper,Hesperiidae,True,Macrolepidoptera01seitz_0177.jpg — plate page (many species on one image),https://butterfly-identification.b-cdn.net/species/hesperiidae/pyrgus_cashmirensis/adult_reference.webp,Public domain,https://commons.wikimedia.org/wiki/File:Macrolepidoptera01seitz_0177.jpg,6750c958-7456-4ab2-9e14-88dabb6eff3e
PLATE,Abisara kausambi,Straight Plum Judy,Lycaenidae,True,Seitz9FaunaIndoAustralicaPlate138.JPG — plate page (many species on one image),https://butterfly-identification.b-cdn.net/species/lycaenidae/abisara_kausambi/adult_reference.webp,Public domain,https://commons.wikimedia.org/wiki/File:Seitz9FaunaIndoAustralicaPlate138.JPG,404ddf3c-a20e-43dd-ad23-a0a03f5fdff6
PLATE,Amblypodia anniella,Amblypodia anniella,Lycaenidae,True,Illustrations_of_diurnal_Lepidoptera_British_Museum_Catalogue_VIII.jpg — plate page (many species on one image),https://butterfly-identification.b-cdn.net/species/lycaenidae/amblypodia_anniella/adult_reference.webp,Public domain,https://commons.wikimedia.org/wiki/File:Illustrations_of_diurnal_Lepidoptera_British_Museum_Catalogue_VIII.jpg,0eb8c49d-ad5e-4e5b-b939-09e4b19c2f7e
PLATE,Arhopala perimuta,Yellowdisc Oakblue,Lycaenidae,True,Close_wing_basking_position_of_Arhopala_perimuta_%28Moore%2C_-1858-%29_-_Yellowdisc_Tailless_Oakblue_2.jpg — plate page (many species on one image),https://butterfly-identification.b-cdn.net/species/lycaenidae/arhopala_perimuta/adult_reference.webp,CC BY-SA 4.0,"https://commons.wikimedia.org/wiki/File:Close_wing_basking_position_of_Arhopala_perimuta_(Moore,_-1858-)_-_Yellowdisc_Tailless_Oakblue_2.jpg",a529ff8f-6bbb-4e46-b62d-212da9af5c33
PLATE,Cheritra jafra,Cheritra jafra,Lycaenidae,True,HorsfieldMoorCatalogueEastIndiaCompanyLepidoptera2Plate2.jpg — plate page (many species on one image),https://butterfly-identification.b-cdn.net/species/lycaenidae/cheritra_jafra/adult_reference.webp,Public domain,https://commons.wikimedia.org/wiki/File:HorsfieldMoorCatalogueEastIndiaCompanyLepidoptera2Plate2.jpg,61a17fbc-4c73-49eb-a51d-a007d2b687e4
PLATE,Cheritrella truncipennis,Truncate Imperial,Lycaenidae,True,Seitz9FaunaIndoAustralicaPlate159.jpg — plate page (many species on one image),https://butterfly-identification.b-cdn.net/species/lycaenidae/cheritrella_truncipennis/adult_reference.webp,Public domain,https://commons.wikimedia.org/wiki/File:Seitz9FaunaIndoAustralicaPlate159.jpg,fe9a1125-7019-42df-9d53-f8f822ef2972
PLATE,Chrysozephyrus duma,Chrysozephyrus duma,Lycaenidae,True,Macrolepidoptera01seitz_0155.jpg — plate page (many species on one image),https://butterfly-identification.b-cdn.net/species/lycaenidae/chrysozephyrus_duma/adult_reference.webp,Public domain,https://commons.wikimedia.org/wiki/File:Macrolepidoptera01seitz_0155.jpg,2c5b29e7-7950-40b3-91ef-c7a3e73182c3
PLATE,Cigaritis ictis,Common Shot Silverline,Lycaenidae,True,Illustrations_of_diurnal_Lepidoptera_25.jpg — plate page (many species on one image),https://butterfly-identification.b-cdn.net/species/lycaenidae/aphnaeus_ictis/adult_reference.webp,Public domain,https://commons.wikimedia.org/wiki/File:Illustrations_of_diurnal_Lepidoptera_25.jpg,f026d2fc-08b1-4e27-a3d0-e4b80322f549
PLATE,Dodona durga,Common Punch,Lycaenidae,True,Seitz9FaunaIndoAustralicaPlate139.JPG — plate page (many species on one image),https://butterfly-identification.b-cdn.net/species/lycaenidae/dodona_durga/adult_reference.webp,Public domain,https://commons.wikimedia.org/wiki/File:Seitz9FaunaIndoAustralicaPlate139.JPG,b670e619-d04d-473b-9ddf-c59a6d36bb7d
PLATE,Heliophorus oda,Eastern Blue Sapphire,Lycaenidae,True,Illustrations_of_diurnal_Lepidoptera_24.jpg — plate page (many species on one image),https://butterfly-identification.b-cdn.net/species/lycaenidae/heliophorus_oda/adult_reference.webp,Public domain,https://commons.wikimedia.org/wiki/File:Illustrations_of_diurnal_Lepidoptera_24.jpg,0e0f158a-ffef-4c4c-85fa-1e2c48e9a5a8
PLATE,Iraota rochana,Scarce Silverstreak Blue,Lycaenidae,True,Seitz9FaunaIndoAustralicaPlate161.JPG — plate page (many species on one image),https://butterfly-identification.b-cdn.net/species/lycaenidae/iraota_rochana/adult_reference.webp,Public domain,https://commons.wikimedia.org/wiki/File:Seitz9FaunaIndoAustralicaPlate161.JPG,edca7f25-716e-48e2-807b-19ae968e6a35
PLATE,Lycaena panava,White-bordered Copper,Lycaenidae,True,The_Macrolepidoptera_of_the_world_%28Taf._78%29_%288145300764%29.jpg — plate page (many species on one image),https://butterfly-identification.b-cdn.net/species/lycaenidae/lycaena_panava/adult_reference.webp,Public domain,https://commons.wikimedia.org/wiki/File:The_Macrolepidoptera_of_the_world_(Taf._78)_(8145300764).jpg,d8aec820-a93f-40a0-9739-b9603baecb45
PLATE,Poritia erycinoides,Blue Gem,Lycaenidae,True,Seitz_Macrolepidoptera_Indoaustralian_Fauna_Plate_146.jpg — plate page (many species on one image),https://butterfly-identification.b-cdn.net/species/lycaenidae/poritia_erycinoides/adult_reference.webp,Public domain,https://commons.wikimedia.org/wiki/File:Seitz_Macrolepidoptera_Indoaustralian_Fauna_Plate_146.jpg,6c2691c9-0524-4961-a05b-d5cd70969ad9
PLATE,Tajuria illurgis,Tajuria illurgis,Lycaenidae,True,Seitz_Macrolepidoptera_IndoAustralica_Fauna_Plate_156.jpg — plate page (many species on one image),https://butterfly-identification.b-cdn.net/species/lycaenidae/tajuria_illurgis/adult_reference.webp,Public domain,https://commons.wikimedia.org/wiki/File:Seitz_Macrolepidoptera_IndoAustralica_Fauna_Plate_156.jpg,fcf4f3f4-9e39-482c-9450-056406186254
PLATE,Thecla cleon,Thecla cleon,Lycaenidae,True,Illustrations_of_diurnal_Lepidoptera_56.jpg — plate page (many species on one image),https://butterfly-identification.b-cdn.net/species/lycaenidae/thecla_cleon/adult_reference.webp,Public domain,https://commons.wikimedia.org/wiki/File:Illustrations_of_diurnal_Lepidoptera_56.jpg,8b70d480-6cba-411d-ad18-b8c63b2ff902
PLATE,Acraea aganice,Common Wanderer,Nymphalidae,True,SeitzFaunaAfricanaXIIITaf58.jpg — plate page (many species on one image),https://butterfly-identification.b-cdn.net/species/nymphalidae/acraea_aganice/adult_reference.webp,Public domain,https://commons.wikimedia.org/wiki/File:SeitzFaunaAfricanaXIIITaf58.jpg,652cb1bb-76c5-4fac-bdce-6b258aad6c18
PLATE,Apatura parvata,Apatura parvata,Nymphalidae,True,HorsfieldMoorCatalogueEastIndiaCompanyLepidopteraPlateVIa.jpg — plate page (many species on one image),https://butterfly-identification.b-cdn.net/species/nymphalidae/apatura_parvata/adult_reference.webp,Public domain,https://commons.wikimedia.org/wiki/File:HorsfieldMoorCatalogueEastIndiaCompanyLepidopteraPlateVIa.jpg,49d074a3-4dbb-4509-a2e8-5cdc72a36108
PLATE,Athyma asura,Burmese Sergeant,Nymphalidae,True,Openwing_position_of_Athyma_asura_Moore%2C_-1858-_-_Studded_Sergeant.jpg — plate page (many species on one image),https://butterfly-identification.b-cdn.net/species/nymphalidae/athyma_asura/adult_reference.webp,CC BY-SA 4.0,"https://commons.wikimedia.org/wiki/File:Openwing_position_of_Athyma_asura_Moore,_-1858-_-_Studded_Sergeant.jpg",1509e836-555d-4d9e-8f3a-800abfb5b5fb
PLATE,Athyma perius,Common Sergeant,Nymphalidae,True,HorsfieldMoorCatalogueEastIndiaCompanyLepidoptera2Plate4.jpg — plate page (many species on one image),https://butterfly-identification.b-cdn.net/species/nymphalidae/parathyma_perius/adult_reference.webp,Public domain,https://commons.wikimedia.org/wiki/File:HorsfieldMoorCatalogueEastIndiaCompanyLepidoptera2Plate4.jpg,79ca3b51-fadb-45ba-a369-621401c2e466
PLATE,Discophora celinde,Discophora celinde,Nymphalidae,True,Seitz9FaunaIndoAustralicaPlate106.JPG — plate page (many species on one image),https://butterfly-identification.b-cdn.net/species/nymphalidae/discophora_celinde/adult_reference.webp,Public domain,https://commons.wikimedia.org/wiki/File:Seitz9FaunaIndoAustralicaPlate106.JPG,f10455e2-7df1-433b-af72-9e3d12a50458
PLATE,Enispe cycnus,Blue Caliph,Nymphalidae,True,Seitz9FaunaIndoAustralicaPlate105.JPG — plate page (many species on one image),https://butterfly-identification.b-cdn.net/species/nymphalidae/enispe_cycnus/adult_reference.webp,Public domain,https://commons.wikimedia.org/wiki/File:Seitz9FaunaIndoAustralicaPlate105.JPG,6187d124-4f20-47ac-a022-805e8c301492
PLATE,Erebia herse,Erebia herse,Nymphalidae,True,Erebia1Seitz.jpg — plate page (many species on one image),https://butterfly-identification.b-cdn.net/species/nymphalidae/erebia_herse/adult_reference.webp,Public domain,https://commons.wikimedia.org/wiki/File:Erebia1Seitz.jpg,e7f29e65-9ba1-40c8-a8ba-17693dd62f07
PLATE,Euploea doubledayi,Greater Striped Black Crow,Nymphalidae,True,Seitz9FaunaIndoAustralicaPlate85.JPG — plate page (many species on one image),https://butterfly-identification.b-cdn.net/species/nymphalidae/euploea_doubledayi/adult_reference.webp,Public domain,https://commons.wikimedia.org/wiki/File:Seitz9FaunaIndoAustralicaPlate85.JPG,957e6120-1a91-4392-94c2-fbeba96052e6
PLATE,Euploea phaenareta,King Crow Butterfly,Nymphalidae,True,Seitz9FaunaIndoAustralicaPlate79.JPG — plate page (many species on one image),https://butterfly-identification.b-cdn.net/species/nymphalidae/euploea_phaenareta/adult_reference.webp,Public domain,https://commons.wikimedia.org/wiki/File:Seitz9FaunaIndoAustralicaPlate79.JPG,15517ee4-2b8e-4f52-a861-1c31c769d10b
PLATE,Euthalia dirtea,Euthalia dirtea,Nymphalidae,True,Seitz9FaunaIndoAustralicaPlate128.JPG — plate page (many species on one image),https://butterfly-identification.b-cdn.net/species/nymphalidae/euthalia_dirtea/adult_reference.webp,Public domain,https://commons.wikimedia.org/wiki/File:Seitz9FaunaIndoAustralicaPlate128.JPG,2103fd3e-3c72-4585-89ad-795dc3a4d26c
PLATE,Fabriciana jainadeva,Fabriciana jainadeva,Nymphalidae,True,Macrolepidoptera01seitz_0145.jpg — plate page (many species on one image),https://butterfly-identification.b-cdn.net/species/nymphalidae/fabriciana_jainadeva/adult_reference.webp,Public domain,https://commons.wikimedia.org/wiki/File:Macrolepidoptera01seitz_0145.jpg,2e1fbf06-2261-44a6-b0e3-2b29379bd96e
PLATE,Helcyra hemina,White Emperor,Nymphalidae,True,Seitz9FaunaIndoAustralicaPlate116.JPG — plate page (many species on one image),https://butterfly-identification.b-cdn.net/species/nymphalidae/helcyra_hemina/adult_reference.webp,Public domain,https://commons.wikimedia.org/wiki/File:Seitz9FaunaIndoAustralicaPlate116.JPG,f6b17993-6078-4a47-9eca-81d723d524c3
PLATE,Herona marathus,Yellow Pasha,Nymphalidae,True,HeronaMarathusSeitz.jpg — plate page (many species on one image),https://butterfly-identification.b-cdn.net/species/nymphalidae/herona_marathus/adult_reference.webp,Public domain,https://commons.wikimedia.org/wiki/File:HeronaMarathusSeitz.jpg,17096440-2c3e-4ab7-ab03-7ccb1ea49cc8
PLATE,Idea agamarschana,Andaman Tree Nymph,Nymphalidae,True,Seitz9FaunaIndoAustralicaPlate75.JPG — plate page (many species on one image),https://butterfly-identification.b-cdn.net/species/nymphalidae/idea_agamarschana/adult_reference.webp,Public domain,https://commons.wikimedia.org/wiki/File:Seitz9FaunaIndoAustralicaPlate75.JPG,9a431518-dfba-48bf-b4ce-ee052187c9ec
PLATE,Lethe latiaris,Pale Forester,Nymphalidae,True,Seitz9FaunaIndoAustralicaPlate98.JPG — plate page (many species on one image),https://butterfly-identification.b-cdn.net/species/nymphalidae/lethe_latiaris/adult_reference.webp,Public domain,https://commons.wikimedia.org/wiki/File:Seitz9FaunaIndoAustralicaPlate98.JPG,92016860-8466-4130-a5c6-7175a60177c0
PLATE,Lethe nicetas,yellow woodbrown,Nymphalidae,True,Illustrations_of_new_species_of_exotic_butterflies_Debis_III.jpg — plate page (many species on one image),https://butterfly-identification.b-cdn.net/species/nymphalidae/lethe_nicetas/adult_reference.webp,Public domain,https://commons.wikimedia.org/wiki/File:Illustrations_of_new_species_of_exotic_butterflies_Debis_III.jpg,7d183ff1-6fea-4ab9-8c58-291ddb7a06cc
PLATE,Moduza procris,Commander,Nymphalidae,True,Close_Wing_Mud-puddling_of_Moduza_procris_%28Cramer%2C_-1777-%29_%E2%80%93_Commander--WLB_DSC_0145-01.jpg — plate page (many species on one image),https://butterfly-identification.b-cdn.net/species/nymphalidae/moduza_procris/adult_reference.webp,CC BY-SA 4.0,"https://commons.wikimedia.org/wiki/File:Close_Wing_Mud-puddling_of_Moduza_procris_(Cramer,_-1777-)_%E2%80%93_Commander--WLB_DSC_0145-01.jpg",ba7135b9-53df-4607-bb2c-8833d6f6e315
PLATE,Neope yama,Dusky Labyrinth,Nymphalidae,True,Closed_Wing_Puddling_position_of_Neope_yama_%28Moore%2C_-1858-%29_-_Dusky_Labyrinth.jpg — plate page (many species on one image),https://butterfly-identification.b-cdn.net/species/nymphalidae/neope_yama/adult_reference.webp,CC BY-SA 4.0,"https://commons.wikimedia.org/wiki/File:Closed_Wing_Puddling_position_of_Neope_yama_(Moore,_-1858-)_-_Dusky_Labyrinth.jpg",1a36dd41-12dc-4563-8717-11e9b354998f
PLATE,Neptis aceris,Pallas's Sailer,Nymphalidae,True,HorsfieldMoorCatalogueEastIndiaCompanyLepidopteraPlateV.jpg — plate page (many species on one image),https://butterfly-identification.b-cdn.net/species/nymphalidae/neptis_aceris/adult_reference.webp,Public domain,https://commons.wikimedia.org/wiki/File:HorsfieldMoorCatalogueEastIndiaCompanyLepidopteraPlateV.jpg,7b4a8f3c-26ac-4595-9f4c-38834ffe39ea
PLATE,Neptis manasa,Pale Hockeystick Sailer,Nymphalidae,True,HorsfieldMoorCatalogueEastIndiaCompanyLepidopteraPlateIVa.jpg — plate page (many species on one image),https://butterfly-identification.b-cdn.net/species/nymphalidae/neptis_manasa/adult_reference.webp,Public domain,https://commons.wikimedia.org/wiki/File:HorsfieldMoorCatalogueEastIndiaCompanyLepidopteraPlateIVa.jpg,e899ec7c-f93a-4340-b52e-a11c702f76ea
PLATE,Pararge eversmanni,Pararge eversmanni,Nymphalidae,True,The_Macrolepidoptera_of_the_world_%28Taf._45%29_%288145253905%29.jpg — plate page (many species on one image),https://butterfly-identification.b-cdn.net/species/nymphalidae/pararge_eversmanni/adult_reference.webp,Public domain,https://commons.wikimedia.org/wiki/File:The_Macrolepidoptera_of_the_world_(Taf._45)_(8145253905).jpg,6d90c37e-0e32-4feb-9b10-cc916261b0f5
PLATE,Parthenos cyaneus,Parthenos cyaneus,Nymphalidae,True,Seitz9FaunaIndoAustralicaPlate120a.JPG — plate page (many species on one image),https://butterfly-identification.b-cdn.net/species/nymphalidae/parthenos_cyaneus/adult_reference.webp,Public domain,https://commons.wikimedia.org/wiki/File:Seitz9FaunaIndoAustralicaPlate120a.JPG,3963044c-a254-4ae0-8875-a8deccbec243
PLATE,Penthema binghami,Penthema binghami,Nymphalidae,True,Seitz9FaunaIndoAustralicaPlate113.JPG — plate page (many species on one image),https://butterfly-identification.b-cdn.net/species/nymphalidae/penthema_binghami/adult_reference.webp,Public domain,https://commons.wikimedia.org/wiki/File:Seitz9FaunaIndoAustralicaPlate113.JPG,a304764d-a64f-4782-83ae-cfe37bcd3001
PLATE,Taenaris selene,Taenaris selene,Nymphalidae,True,Seitz9FaunaIndoAustralicaPlate101.JPG — plate page (many species on one image),https://butterfly-identification.b-cdn.net/species/nymphalidae/taenaris_selene/adult_reference.webp,Public domain,https://commons.wikimedia.org/wiki/File:Seitz9FaunaIndoAustralicaPlate101.JPG,61cf6d44-bb22-4064-917b-498c49da3c12
PLATE,Tanaecia cibaritis,Andaman Viscount,Nymphalidae,True,Illustrations_of_new_species_of_exotic_butterflies_%2810559410206%29.jpg — plate page (many species on one image),https://butterfly-identification.b-cdn.net/species/nymphalidae/tanaecia_cibaritis/adult_reference.webp,Public domain,https://commons.wikimedia.org/wiki/File:Illustrations_of_new_species_of_exotic_butterflies_(10559410206).jpg,2825024c-ee8a-4fc5-aa77-48a39057aa5c
PLATE,Tanaecia godartii,Malay Count,Nymphalidae,True,Seitz9FaunaIndoAustralicaPlate132.JPG — plate page (many species on one image),https://butterfly-identification.b-cdn.net/species/nymphalidae/tanaecia_godartii/adult_reference.webp,Public domain,https://commons.wikimedia.org/wiki/File:Seitz9FaunaIndoAustralicaPlate132.JPG,3d31d5a0-8e88-4434-9930-9166f08dfa36
PLATE,Thaumantis noureddin,Dark Jungle Glory,Nymphalidae,True,Seitz9FaunaIndoAustralicaPlate104.JPG — plate page (many species on one image),https://butterfly-identification.b-cdn.net/species/nymphalidae/thaumantis_noureddin/adult_reference.webp,Public domain,https://commons.wikimedia.org/wiki/File:Seitz9FaunaIndoAustralicaPlate104.JPG,167cada4-f523-4aab-8bb7-c559c442a3f8
PLATE,Ypthima newara,Ypthima newara,Nymphalidae,True,Close_Wing_of_Ypthima_newara_Moore%2C_-1875-_-_Newar_Three-ring_%28WLB%29_picture_--.jpg — plate page (many species on one image),https://butterfly-identification.b-cdn.net/species/nymphalidae/ypthima_newara/adult_reference.webp,CC BY-SA 4.0,"https://commons.wikimedia.org/wiki/File:Close_Wing_of_Ypthima_newara_Moore,_-1875-_-_Newar_Three-ring_(WLB)_picture_--.jpg",bd3f3365-329a-45e3-9f53-282f7dedc12e
PLATE,Byasa plutonius,Chinese Windmill,Papilionidae,True,Macrolepidoptera01seitz_0011.jpg — plate page (many species on one image),https://butterfly-identification.b-cdn.net/species/papilionidae/byasa_plutonius/adult_reference.webp,Public domain,https://commons.wikimedia.org/wiki/File:Macrolepidoptera01seitz_0011.jpg,54b83211-2660-49a2-ad33-104fbadd28fc
PLATE,Graphium xenocles,Great Zebra,Papilionidae,True,Seitz9FaunaIndoAustralicaPlate47.jpg — plate page (many species on one image),https://butterfly-identification.b-cdn.net/species/papilionidae/graphium_xenocles/adult_reference.webp,Public domain,https://commons.wikimedia.org/wiki/File:Seitz9FaunaIndoAustralicaPlate47.jpg,033db4b9-7043-4106-a64f-a8554c746429
PLATE,Pachliopta polyphontes,Sulawesi Rose,Papilionidae,True,Seitz9FaunaIndoAustralicaPlate15.jpg — plate page (many species on one image),https://butterfly-identification.b-cdn.net/species/papilionidae/pachliopta_polyphontes/adult_reference.webp,Public domain,https://commons.wikimedia.org/wiki/File:Seitz9FaunaIndoAustralicaPlate15.jpg,1c0c9428-18b8-4cf7-9640-635791d8c669
PLATE,Papilio elephenor,Yellow-crested Spangle,Papilionidae,True,Seitz9FaunaIndoAustralicaPlate34.JPG — plate page (many species on one image),https://butterfly-identification.b-cdn.net/species/papilionidae/papilio_elephenor/adult_reference.webp,Public domain,https://commons.wikimedia.org/wiki/File:Seitz9FaunaIndoAustralicaPlate34.JPG,bdcb5466-a7aa-4916-8e48-9b2d55dc1965
PLATE,Papilio euchenor,Papilio euchenor,Papilionidae,True,Seitz9FaunaIndoAustralicaPlate26.JPG — plate page (many species on one image),https://butterfly-identification.b-cdn.net/species/papilionidae/papilio_euchenor/adult_reference.webp,Public domain,https://commons.wikimedia.org/wiki/File:Seitz9FaunaIndoAustralicaPlate26.JPG,d6413bed-39c8-4bda-af49-4d637d9169ee
PLATE,Papilio fuscus,Canopus Swallowtail,Papilionidae,True,Illustrations_of_new_species_of_exotic_butterflies_Papilio_IX.jpg — plate page (many species on one image),https://butterfly-identification.b-cdn.net/species/papilionidae/papilio_fuscus/adult_reference.webp,Public domain,https://commons.wikimedia.org/wiki/File:Illustrations_of_new_species_of_exotic_butterflies_Papilio_IX.jpg,febeca1c-1b74-463f-a086-8c79ba351a4a
PLATE,Papilio karna,Jungle Jade Swallowtail,Papilionidae,True,Seitz9FaunaIndoAustralicaPlate35.jpg — plate page (many species on one image),https://butterfly-identification.b-cdn.net/species/papilionidae/papilio_karna/adult_reference.webp,Public domain,https://commons.wikimedia.org/wiki/File:Seitz9FaunaIndoAustralicaPlate35.jpg,91b76806-9207-41ab-ae7c-0e149ca35887
PLATE,Papilio mayo,Papilio mayo,Papilionidae,True,Seitz9FaunaIndoAustralicaPlate25.JPG — plate page (many species on one image),https://butterfly-identification.b-cdn.net/species/papilionidae/papilio_mayo/adult_reference.webp,Public domain,https://commons.wikimedia.org/wiki/File:Seitz9FaunaIndoAustralicaPlate25.JPG,b4f395fb-d640-4697-b060-cc6211fdab59
PLATE,Papilio nobilis,Noble Swallowtail,Papilionidae,True,SeitzFaunaAfricanaXIIITaf4.jpg — plate page (many species on one image),https://butterfly-identification.b-cdn.net/species/papilionidae/papilio_nobilis/adult_reference.webp,Public domain,https://commons.wikimedia.org/wiki/File:SeitzFaunaAfricanaXIIITaf4.jpg,df5524d6-6ad0-4ed1-9021-d9452d2587c3
PLATE,Papilio pharnaces,Pink-spotted Swallowtail,Papilionidae,True,Macrolepidoptera15seit_0029.jpg — plate page (many species on one image),https://butterfly-identification.b-cdn.net/species/papilionidae/papilio_pharnaces/adult_reference.webp,Public domain,https://commons.wikimedia.org/wiki/File:Macrolepidoptera15seit_0029.jpg,e629ef60-6094-43e8-a932-319e81871970
PLATE,Parnassius corybas,Parnassius corybas,Papilionidae,True,Macrolepidoptera01seitz_0033.jpg — plate page (many species on one image),https://butterfly-identification.b-cdn.net/species/papilionidae/parnassius_corybas/adult_reference.webp,Public domain,https://commons.wikimedia.org/wiki/File:Macrolepidoptera01seitz_0033.jpg,a5cccb31-d922-42ac-a47d-67860cf99d2c
PLATE,Troides cuneifera,Mountain Birdwing,Papilionidae,True,Seitz9FaunaIndoAustralicaPlate14.jpg — plate page (many species on one image),https://butterfly-identification.b-cdn.net/species/papilionidae/troides_cuneifera/adult_reference.webp,Public domain,https://commons.wikimedia.org/wiki/File:Seitz9FaunaIndoAustralicaPlate14.jpg,b0db2124-3e9b-4c27-90ab-bea762e8130f
PLATE,Appias galene,Sri Lankan lesser albatross,Pieridae,True,Seitz9FaunaIndoAustralicaPlate61.jpg — plate page (many species on one image),https://butterfly-identification.b-cdn.net/species/pieridae/appias_galene/adult_reference.webp,Public domain,https://commons.wikimedia.org/wiki/File:Seitz9FaunaIndoAustralicaPlate61.jpg,a5598788-5e5e-4745-818b-acd1dd7ccc49
PLATE,Appias pandione,Banded Puffin,Pieridae,True,Seitz9FaunaIndoAustralicaPlate59.jpg — plate page (many species on one image),https://butterfly-identification.b-cdn.net/species/pieridae/appias_pandione/adult_reference.webp,Public domain,https://commons.wikimedia.org/wiki/File:Seitz9FaunaIndoAustralicaPlate59.jpg,aaaa9bb2-6ee3-4a1f-84e9-55eb8724b6b8
PLATE,Appias wardii,Indian Albatross,Pieridae,True,Seitz9FaunaIndoAustralicaPlate60.jpg — plate page (many species on one image),https://butterfly-identification.b-cdn.net/species/pieridae/appias_wardii/adult_reference.webp,Public domain,https://commons.wikimedia.org/wiki/File:Seitz9FaunaIndoAustralicaPlate60.jpg,105c1b19-56b9-4d3d-9567-723587d4d72e
PLATE,Cepora eperia,Cepora eperia,Pieridae,True,Seitz9FaunaIndoAustralica_Plate63.JPG — plate page (many species on one image),https://butterfly-identification.b-cdn.net/species/pieridae/cepora_eperia/adult_reference.webp,Public domain,https://commons.wikimedia.org/wiki/File:Seitz9FaunaIndoAustralica_Plate63.JPG,a63dc4fd-f6e3-49ec-b3d5-a9275c727ccf
PLATE,Cepora perimale,Caper Gull,Pieridae,True,Seitz9FaunaIndoAustralicaPlate65.JPG — plate page (many species on one image),https://butterfly-identification.b-cdn.net/species/pieridae/cepora_perimale/adult_reference.webp,Public domain,https://commons.wikimedia.org/wiki/File:Seitz9FaunaIndoAustralicaPlate65.JPG,94d46cf3-6f0d-437b-b350-a3b5e4a6cd59
PLATE,Colias eogene,Fiery Clouded Yellow,Pieridae,True,Macrolepidoptera01seitz_0059.jpg — plate page (many species on one image),https://butterfly-identification.b-cdn.net/species/pieridae/colias_eogene/adult_reference.webp,Public domain,https://commons.wikimedia.org/wiki/File:Macrolepidoptera01seitz_0059.jpg,d7d765dc-3874-408a-bb1c-fdfa0e1fdf28
PLATE,Colotis eucharis,Plain Orange Tip,Pieridae,True,ColotisEucharisSeitz.jpg — plate page (many species on one image),https://butterfly-identification.b-cdn.net/species/pieridae/colotis_eucharis/adult_reference.webp,Public domain,https://commons.wikimedia.org/wiki/File:ColotisEucharisSeitz.jpg,0f810d45-e8fc-4563-8bf4-b7c51ccf602e
PLATE,Delias berinda,Dark Jezebel,Pieridae,True,Macrolepidoptera01seitz_0045.jpg — plate page (many species on one image),https://butterfly-identification.b-cdn.net/species/pieridae/delias_berinda/adult_reference.webp,Public domain,https://commons.wikimedia.org/wiki/File:Macrolepidoptera01seitz_0045.jpg,8b10c1a4-4af6-473f-ac69-9c2c6be8dd74
PLATE,Eurema nilgiriensis,Nilgiri Grass Yellow,Pieridae,True,ColiasNilagiriensisSeitz.jpg — plate page (many species on one image),https://butterfly-identification.b-cdn.net/species/pieridae/eurema_nilgiriensis/adult_reference.webp,Public domain,https://commons.wikimedia.org/wiki/File:ColiasNilagiriensisSeitz.jpg,118d7e09-d0cc-4c9e-943d-c5a7a189fe9b
PLATE,Mesapia peloria,Mesapia peloria,Pieridae,True,Illustrations_of_new_species_of_exotic_butterflies_Pieris_II.jpg — plate page (many species on one image),https://butterfly-identification.b-cdn.net/species/pieridae/mesapia_peloria/adult_reference.webp,Public domain,https://commons.wikimedia.org/wiki/File:Illustrations_of_new_species_of_exotic_butterflies_Pieris_II.jpg,4a210c61-f1f5-4e4f-ab95-d5c4c38f5853
PLATE_SHARED,Baoris oceia,Rice Paintbrush Swift,Hesperiidae,True,"Seitz9FaunaIndoAustralicaPlate173.JPG — plate page, also used by 5 other species",https://butterfly-identification.b-cdn.net/species/hesperiidae/baoris_oceia/adult_reference.webp,Public domain,https://commons.wikimedia.org/wiki/File:Seitz9FaunaIndoAustralicaPlate173.JPG,b5ad7764-9762-4df5-ab45-f142e875d1ae
PLATE_SHARED,Baoris pagana,Figure-of-eight Swift,Hesperiidae,True,"Seitz9FaunaIndoAustralicaPlate173.JPG — plate page, also used by 5 other species",https://butterfly-identification.b-cdn.net/species/hesperiidae/baoris_pagana/adult_reference.webp,Public domain,https://commons.wikimedia.org/wiki/File:Seitz9FaunaIndoAustralicaPlate173.JPG,2c91c4aa-4c12-4cef-a263-e1af168c8c74
PLATE_SHARED,Bibasis anadi,Bibasis anadi,Hesperiidae,True,"Seitz9FaunaIndoAustralicaPlate171.JPG — plate page, also used by 10 other species",https://butterfly-identification.b-cdn.net/species/hesperiidae/bibasis_anadi/adult_reference.webp,Public domain,https://commons.wikimedia.org/wiki/File:Seitz9FaunaIndoAustralicaPlate171.JPG,4e7e9fcf-a759-4e56-926a-b04a27e86be4
PLATE_SHARED,Bibasis harisa,Bibasis harisa,Hesperiidae,True,"Seitz9FaunaIndoAustralicaPlate167.JPG — plate page, also used by 1 other species",https://butterfly-identification.b-cdn.net/species/hesperiidae/bibasis_harisa/adult_reference.webp,Public domain,https://commons.wikimedia.org/wiki/File:Seitz9FaunaIndoAustralicaPlate167.JPG,d44c8709-0369-473a-966f-85ab866f8446
PLATE_SHARED,Bibasis vasutana,Green Awlet,Hesperiidae,True,"Illustrations_of_new_species_of_exotic_butterflies_Ismene_II.jpg — plate page, also used by 1 other species",https://butterfly-identification.b-cdn.net/species/hesperiidae/bibasis_vasutana/adult_reference.webp,Public domain,https://commons.wikimedia.org/wiki/File:Illustrations_of_new_species_of_exotic_butterflies_Ismene_II.jpg,bae95bb4-f2d4-4d2e-92db-5c96c3042f19
PLATE_SHARED,Burara harisa,Orange Awlet,Hesperiidae,True,"Seitz9FaunaIndoAustralicaPlate167.JPG — plate page, also used by 1 other species",https://butterfly-identification.b-cdn.net/species/hesperiidae/burara_harisa/adult_reference.webp,Public domain,https://commons.wikimedia.org/wiki/File:Seitz9FaunaIndoAustralicaPlate167.JPG,aecd772a-015a-4ad0-a95a-14e18e9f0fd0
PLATE_SHARED,Caltoris aurociliata,Yellow-fringed Swift,Hesperiidae,True,"Seitz9FaunaIndoAustralicaPlate173.JPG — plate page, also used by 5 other species",https://butterfly-identification.b-cdn.net/species/hesperiidae/caltoris_aurociliata/adult_reference.webp,Public domain,https://commons.wikimedia.org/wiki/File:Seitz9FaunaIndoAustralicaPlate173.JPG,37fa4b34-7f2f-4eae-af80-b46756bde664
PLATE_SHARED,Caltoris cormasa,Full Stop Swift,Hesperiidae,True,"Seitz9FaunaIndoAustralicaPlate173.JPG — plate page, also used by 5 other species",https://butterfly-identification.b-cdn.net/species/hesperiidae/caltoris_cormasa/adult_reference.webp,Public domain,https://commons.wikimedia.org/wiki/File:Seitz9FaunaIndoAustralicaPlate173.JPG,89fb0f6e-edd2-4aaa-8b62-405f878c42c1
PLATE_SHARED,Caltoris plebeia,Tufted Swift,Hesperiidae,True,"Seitz9FaunaIndoAustralicaPlate173.JPG — plate page, also used by 5 other species",https://butterfly-identification.b-cdn.net/species/hesperiidae/caltoris_plebeia/adult_reference.webp,Public domain,https://commons.wikimedia.org/wiki/File:Seitz9FaunaIndoAustralicaPlate173.JPG,2e1a348d-f4f2-4b5c-a114-6a995b259b60
PLATE_SHARED,Capila jayadeva,Striped Dawnfly,Hesperiidae,True,"Seitz_Macrolepidoptera_IndoAustralia_Plate_163.jpg — plate page, also used by 6 other species",https://butterfly-identification.b-cdn.net/species/hesperiidae/capila_jayadeva/adult_reference.webp,Public domain,https://commons.wikimedia.org/wiki/File:Seitz_Macrolepidoptera_IndoAustralia_Plate_163.jpg,6693ef79-fe13-42ed-b0f7-c14cef481d45
PLATE_SHARED,Capila phanaeus,Fulvous Dawnfly,Hesperiidae,True,"Seitz_Macrolepidoptera_IndoAustralia_Plate_163.jpg — plate page, also used by 6 other species",https://butterfly-identification.b-cdn.net/species/hesperiidae/capila_phanaeus/adult_reference.webp,Public domain,https://commons.wikimedia.org/wiki/File:Seitz_Macrolepidoptera_IndoAustralia_Plate_163.jpg,dce1aef8-93ab-47aa-8c4d-3a4173f204d9
PLATE_SHARED,Capila zennara,pale striped dawnfly,Hesperiidae,True,"Seitz_Macrolepidoptera_IndoAustralia_Plate_163.jpg — plate page, also used by 6 other species",https://butterfly-identification.b-cdn.net/species/hesperiidae/capila_zennara/adult_reference.webp,Public domain,https://commons.wikimedia.org/wiki/File:Seitz_Macrolepidoptera_IndoAustralia_Plate_163.jpg,5f70f8b2-902a-414d-9e5b-2ed9beae4f0f
PLATE_SHARED,Caprona agama,Spotted Angle,Hesperiidae,True,"Seitz9FaunaIndoAustralicaPlate165.JPG — plate page, also used by 3 other species",https://butterfly-identification.b-cdn.net/species/hesperiidae/caprona_agama/adult_reference.webp,Public domain,https://commons.wikimedia.org/wiki/File:Seitz9FaunaIndoAustralicaPlate165.JPG,0fa68067-5bea-4a6c-9e2f-27cfb74ea24d
PLATE_SHARED,Celaenorrhinus badia,Scarce Banded Flat,Hesperiidae,True,"Seitz9FaunaIndoAustralicaPlate171.JPG — plate page, also used by 10 other species",https://butterfly-identification.b-cdn.net/species/hesperiidae/celaenorrhinus_badia/adult_reference.webp,Public domain,https://commons.wikimedia.org/wiki/File:Seitz9FaunaIndoAustralicaPlate171.JPG,29b2f2f3-4beb-4a15-a521-3b7df84ed1bc
PLATE_SHARED,Celaenorrhinus munda,Himalayan spotted flat,Hesperiidae,True,"Seitz9FaunaIndoAustralicaPlate164.JPG — plate page, also used by 1 other species",https://butterfly-identification.b-cdn.net/species/hesperiidae/celaenorrhinus_munda/adult_reference.webp,Public domain,https://commons.wikimedia.org/wiki/File:Seitz9FaunaIndoAustralicaPlate164.JPG,f2d5ef7f-0186-4c16-9fbc-0c0f68bab627
PLATE_SHARED,Celaenorrhinus pero,Mussoorie Pied Flat,Hesperiidae,True,"Seitz9FaunaIndoAustralicaPlate164.JPG — plate page, also used by 1 other species",https://butterfly-identification.b-cdn.net/species/hesperiidae/celaenorrhinus_pero/adult_reference.webp,Public domain,https://commons.wikimedia.org/wiki/File:Seitz9FaunaIndoAustralicaPlate164.JPG,523f1df3-928d-45f9-960d-d590cf72c194
PLATE_SHARED,Chaetocneme beata,Eastern Dusk-Flat,Hesperiidae,True,"Seitz_Macrolepidoptera_IndoAustralia_Plate_163.jpg — plate page, also used by 6 other species",https://butterfly-identification.b-cdn.net/species/hesperiidae/chaetocneme_beata/adult_reference.webp,Public domain,https://commons.wikimedia.org/wiki/File:Seitz_Macrolepidoptera_IndoAustralia_Plate_163.jpg,74058324-e2d8-48c7-b8df-4cd217898e83
PLATE_SHARED,Coladenia agnioides,Elwes' Pied Flat,Hesperiidae,True,"Seitz_Macrolepidoptera_IndoAustralia_Plate_163.jpg — plate page, also used by 6 other species",https://butterfly-identification.b-cdn.net/species/hesperiidae/coladenia_agnioides/adult_reference.webp,Public domain,https://commons.wikimedia.org/wiki/File:Seitz_Macrolepidoptera_IndoAustralia_Plate_163.jpg,b09dac0c-c58e-4444-9cb7-64ffa4f183b6
PLATE_SHARED,Daimio phisara,Daimio phisara,Hesperiidae,True,"Seitz9FaunaIndoAustralicaPlate168.JPG — plate page, also used by 4 other species",https://butterfly-identification.b-cdn.net/species/hesperiidae/daimio_phisara/adult_reference.webp,Public domain,https://commons.wikimedia.org/wiki/File:Seitz9FaunaIndoAustralicaPlate168.JPG,1e97e0f3-c869-48d5-93ae-f79d7927085d
PLATE_SHARED,Darpa hanria,Hairy Angle,Hesperiidae,True,"Seitz9FaunaIndoAustralicaPlate165.JPG — plate page, also used by 3 other species",https://butterfly-identification.b-cdn.net/species/hesperiidae/darpa_hanria/adult_reference.webp,Public domain,https://commons.wikimedia.org/wiki/File:Seitz9FaunaIndoAustralicaPlate165.JPG,16789356-0027-4fd3-850b-65c34725286b
PLATE_SHARED,Erionota acroleucus,Small Palm Redeye,Hesperiidae,True,"Seitz_Macrolepidoptera_IndoAustralia_Fauna_Plate_170.jpg — plate page, also used by 4 other species",https://butterfly-identification.b-cdn.net/species/hesperiidae/erionota_acroleucus/adult_reference.webp,Public domain,https://commons.wikimedia.org/wiki/File:Seitz_Macrolepidoptera_IndoAustralia_Fauna_Plate_170.jpg,70a0633f-49d4-4ee6-bc4a-b1e19058e024
PLATE_SHARED,Gangara lebadea,banded redeye,Hesperiidae,True,"Seitz9FaunaIndoAustralicaPlate175.JPG — plate page, also used by 4 other species",https://butterfly-identification.b-cdn.net/species/hesperiidae/gangara_lebadea/adult_reference.webp,Public domain,https://commons.wikimedia.org/wiki/File:Seitz9FaunaIndoAustralicaPlate175.JPG,c39ce927-1f55-4a24-985f-669f23231418
PLATE_SHARED,Halpe beturia,Halpe beturia,Hesperiidae,True,"Seitz9FaunaIndoAustralicaPlate171.JPG — plate page, also used by 10 other species",https://butterfly-identification.b-cdn.net/species/hesperiidae/halpe_beturia/adult_reference.webp,Public domain,https://commons.wikimedia.org/wiki/File:Seitz9FaunaIndoAustralicaPlate171.JPG,951baa8a-1570-42e7-8cff-9ccb8354a875
PLATE_SHARED,Halpe kumara,Halpe kumara,Hesperiidae,True,"Seitz9FaunaIndoAustralicaPlate171.JPG — plate page, also used by 10 other species",https://butterfly-identification.b-cdn.net/species/hesperiidae/halpe_kumara/adult_reference.webp,Public domain,https://commons.wikimedia.org/wiki/File:Seitz9FaunaIndoAustralicaPlate171.JPG,365bd084-56b4-4bc8-8451-eb902c6335f2
PLATE_SHARED,Halpe sikkima,Sikkim Ace,Hesperiidae,True,"Seitz9FaunaIndoAustralicaPlate171.JPG — plate page, also used by 10 other species",https://butterfly-identification.b-cdn.net/species/hesperiidae/halpe_sikkima/adult_reference.webp,Public domain,https://commons.wikimedia.org/wiki/File:Seitz9FaunaIndoAustralicaPlate171.JPG,4bb37338-e283-4845-a90b-88e4150e042c
PLATE_SHARED,Hasora myra,Pale-tailed Awl,Hesperiidae,True,"Seitz9FaunaIndoAustralicaPlate166.JPG — plate page, also used by 1 other species",https://butterfly-identification.b-cdn.net/species/hesperiidae/hasora_myra/adult_reference.webp,Public domain,https://commons.wikimedia.org/wiki/File:Seitz9FaunaIndoAustralicaPlate166.JPG,a37b5f90-29f4-47b5-84e5-494da7cb079c
PLATE_SHARED,Hasora schoenherr,Yellow Banded Awl,Hesperiidae,True,"Seitz9FaunaIndoAustralicaPlate166.JPG — plate page, also used by 1 other species",https://butterfly-identification.b-cdn.net/species/hesperiidae/hasora_schoenherr/adult_reference.webp,Public domain,https://commons.wikimedia.org/wiki/File:Seitz9FaunaIndoAustralicaPlate166.JPG,f78d744c-c042-4f6e-bc76-c0a5817799f8
PLATE_SHARED,Hidari bhawani,Veined Palmer,Hesperiidae,True,"Seitz9FaunaIndoAustralicaPlate175.JPG — plate page, also used by 4 other species",https://butterfly-identification.b-cdn.net/species/hesperiidae/hidari_bhawani/adult_reference.webp,Public domain,https://commons.wikimedia.org/wiki/File:Seitz9FaunaIndoAustralicaPlate175.JPG,dee8694e-8a3e-450a-94b6-13611bcef81d
PLATE_SHARED,Hyarotis microstictum,Brush Flitter,Hesperiidae,True,"Seitz9FaunaIndoAustralicaPlate168.JPG — plate page, also used by 4 other species",https://butterfly-identification.b-cdn.net/species/hesperiidae/hyarotis_microstictum/adult_reference.webp,Public domain,https://commons.wikimedia.org/wiki/File:Seitz9FaunaIndoAustralicaPlate168.JPG,f00e085a-387b-4678-af3c-0e6edbed9096
PLATE_SHARED,Isma protoclea,Bicolour Long-horned Flitter,Hesperiidae,True,"Seitz9FaunaIndoAustralicaPlate169.JPG — plate page, also used by 2 other species",https://butterfly-identification.b-cdn.net/species/hesperiidae/isma_protoclea/adult_reference.webp,Public domain,https://commons.wikimedia.org/wiki/File:Seitz9FaunaIndoAustralicaPlate169.JPG,0deb4ee8-4359-401e-aac8-dd40ff9b2711
PLATE_SHARED,Iton watsonii,Watson's Wight,Hesperiidae,True,"Seitz9FaunaIndoAustralicaPlate171.JPG — plate page, also used by 10 other species",https://butterfly-identification.b-cdn.net/species/hesperiidae/iton_watsonii/adult_reference.webp,Public domain,https://commons.wikimedia.org/wiki/File:Seitz9FaunaIndoAustralicaPlate171.JPG,8d522047-0cfd-4711-a7e1-a4987516f577
PLATE_SHARED,Koruthaialos rubecula,Narrow-banded Velvet Bob,Hesperiidae,True,"Seitz_Macrolepidoptera_IndoAustralia_Fauna_Plate_170.jpg — plate page, also used by 4 other species",https://butterfly-identification.b-cdn.net/species/hesperiidae/koruthaialos_rubecula/adult_reference.webp,Public domain,https://commons.wikimedia.org/wiki/File:Seitz_Macrolepidoptera_IndoAustralia_Fauna_Plate_170.jpg,cadeaa61-0787-4ebd-92c2-11ebce492921
PLATE_SHARED,Koruthaialos sindu,Bright Red Velvet Bob,Hesperiidae,True,"Seitz_Macrolepidoptera_IndoAustralia_Fauna_Plate_170.jpg — plate page, also used by 4 other species",https://butterfly-identification.b-cdn.net/species/hesperiidae/koruthaialos_sindu/adult_reference.webp,Public domain,https://commons.wikimedia.org/wiki/File:Seitz_Macrolepidoptera_IndoAustralia_Fauna_Plate_170.jpg,8b3f2b57-b53e-4f73-9038-7ed0b1f8746b
PLATE_SHARED,Matapa druna,Grey-brand Redeye,Hesperiidae,True,"Seitz9FaunaIndoAustralicaPlate169.JPG — plate page, also used by 2 other species",https://butterfly-identification.b-cdn.net/species/hesperiidae/matapa_druna/adult_reference.webp,Public domain,https://commons.wikimedia.org/wiki/File:Seitz9FaunaIndoAustralicaPlate169.JPG,39c4c99c-9aeb-49ac-a6c6-c972ea1ca72f
PLATE_SHARED,Oriens concinna,Sahyadri Dartlet,Hesperiidae,True,"Seitz9FaunaIndoAustralicaPlate168.JPG — plate page, also used by 4 other species",https://butterfly-identification.b-cdn.net/species/hesperiidae/oriens_concinna/adult_reference.webp,Public domain,https://commons.wikimedia.org/wiki/File:Seitz9FaunaIndoAustralicaPlate168.JPG,c265132a-a5d6-44fb-bb88-5f1a0dd3370b
PLATE_SHARED,Parnara naso,Parnara naso,Hesperiidae,True,"Seitz9FaunaIndoAustralicaPlate171.JPG — plate page, also used by 10 other species",https://butterfly-identification.b-cdn.net/species/hesperiidae/parnara_naso/adult_reference.webp,Public domain,https://commons.wikimedia.org/wiki/File:Seitz9FaunaIndoAustralicaPlate171.JPG,0c93ed8e-441f-4edb-8019-3eb4f727a2cb
PLATE_SHARED,Pedesta hyrie,Pedesta hyrie,Hesperiidae,True,"Seitz9FaunaIndoAustralicaPlate171.JPG — plate page, also used by 10 other species",https://butterfly-identification.b-cdn.net/species/hesperiidae/pedesta_hyrie/adult_reference.webp,Public domain,https://commons.wikimedia.org/wiki/File:Seitz9FaunaIndoAustralicaPlate171.JPG,3cd67437-d76e-48f3-aec9-9e310e27a353
PLATE_SHARED,Pelopidas subochracea,Large Branded Swift,Hesperiidae,True,"Seitz9FaunaIndoAustralicaPlate173.JPG — plate page, also used by 5 other species",https://butterfly-identification.b-cdn.net/species/hesperiidae/pelopidas_subochracea/adult_reference.webp,Public domain,https://commons.wikimedia.org/wiki/File:Seitz9FaunaIndoAustralicaPlate173.JPG,a9ef50f6-034f-4651-9a8a-99baee0884d9
PLATE_SHARED,Pithauria murdava,Dark Straw Ace,Hesperiidae,True,"Seitz9FaunaIndoAustralicaPlate171.JPG — plate page, also used by 10 other species",https://butterfly-identification.b-cdn.net/species/hesperiidae/pithauria_murdava/adult_reference.webp,Public domain,https://commons.wikimedia.org/wiki/File:Seitz9FaunaIndoAustralicaPlate171.JPG,0ca99a8c-e30c-41e9-a3db-66552909fb1c
PLATE_SHARED,Potanthus omaha,Lesser Dart,Hesperiidae,True,"Seitz_Macrolepidoptera_IndoAustralia_Fauna_Plate_170.jpg — plate page, also used by 4 other species",https://butterfly-identification.b-cdn.net/species/hesperiidae/potanthus_omaha/adult_reference.webp,Public domain,https://commons.wikimedia.org/wiki/File:Seitz_Macrolepidoptera_IndoAustralia_Fauna_Plate_170.jpg,31266266-867f-4a9c-b6fe-5ed70d8de746
PLATE_SHARED,Potanthus trachala,Lesser Band Dart,Hesperiidae,True,"Seitz9FaunaIndoAustralicaPlate168.JPG — plate page, also used by 4 other species",https://butterfly-identification.b-cdn.net/species/hesperiidae/potanthus_trachala/adult_reference.webp,Public domain,https://commons.wikimedia.org/wiki/File:Seitz9FaunaIndoAustralicaPlate168.JPG,4f77364e-9cc8-49d5-949a-d0c51e4c87bf
PLATE_SHARED,Pudicitia pholus,Spotted Redeye,Hesperiidae,True,"Seitz9FaunaIndoAustralicaPlate168.JPG — plate page, also used by 4 other species",https://butterfly-identification.b-cdn.net/species/hesperiidae/pudicitia_pholus/adult_reference.webp,Public domain,https://commons.wikimedia.org/wiki/File:Seitz9FaunaIndoAustralicaPlate168.JPG,30791564-3a1b-4d66-a584-44be7a310850
PLATE_SHARED,Quedara basiflava,Yellow-base Flitter,Hesperiidae,True,"Seitz9FaunaIndoAustralicaPlate175.JPG — plate page, also used by 4 other species",https://butterfly-identification.b-cdn.net/species/hesperiidae/quedara_basiflava/adult_reference.webp,Public domain,https://commons.wikimedia.org/wiki/File:Seitz9FaunaIndoAustralicaPlate175.JPG,7886c3b4-a061-47d5-9d4c-73329b5127e1
PLATE_SHARED,Satarupa gopala,Large White Flat,Hesperiidae,True,"Seitz_Macrolepidoptera_IndoAustralia_Plate_163.jpg — plate page, also used by 6 other species",https://butterfly-identification.b-cdn.net/species/hesperiidae/satarupa_gopala/adult_reference.webp,Public domain,https://commons.wikimedia.org/wiki/File:Seitz_Macrolepidoptera_IndoAustralia_Plate_163.jpg,65bd94a5-e1e9-489d-baa8-b128ad2723a8
PLATE_SHARED,Scobura phiditia,Malay Forest Bob,Hesperiidae,True,"Seitz9FaunaIndoAustralicaPlate169.JPG — plate page, also used by 2 other species",https://butterfly-identification.b-cdn.net/species/hesperiidae/scobura_phiditia/adult_reference.webp,Public domain,https://commons.wikimedia.org/wiki/File:Seitz9FaunaIndoAustralicaPlate169.JPG,6a17f210-4465-4736-a89e-30c425531f05
PLATE_SHARED,Seseria affinis,Malayan White Flat,Hesperiidae,True,"Seitz_Macrolepidoptera_IndoAustralia_Plate_163.jpg — plate page, also used by 6 other species",https://butterfly-identification.b-cdn.net/species/hesperiidae/seseria_affinis/adult_reference.webp,Public domain,https://commons.wikimedia.org/wiki/File:Seitz_Macrolepidoptera_IndoAustralia_Plate_163.jpg,881f0b42-369c-436e-8c4d-d72026566eb0
PLATE_SHARED,Stimula swinhoei,Stimula swinhoei,Hesperiidae,True,"Seitz9FaunaIndoAustralicaPlate175.JPG — plate page, also used by 4 other species",https://butterfly-identification.b-cdn.net/species/hesperiidae/stimula_swinhoei/adult_reference.webp,Public domain,https://commons.wikimedia.org/wiki/File:Seitz9FaunaIndoAustralicaPlate175.JPG,df91fea5-3efb-4b37-93ae-1a7b0cc7152c
PLATE_SHARED,Tagiades lavata,Tagiades lavata,Hesperiidae,True,"Seitz9FaunaIndoAustralicaPlate165.JPG — plate page, also used by 3 other species",https://butterfly-identification.b-cdn.net/species/hesperiidae/tagiades_lavata/adult_reference.webp,Public domain,https://commons.wikimedia.org/wiki/File:Seitz9FaunaIndoAustralicaPlate165.JPG,afbb6816-2dbc-4c50-bec7-1f51524f41ea
PLATE_SHARED,Tagiades toba,Different-spotted Snow Flat,Hesperiidae,True,"Seitz9FaunaIndoAustralicaPlate165.JPG — plate page, also used by 3 other species",https://butterfly-identification.b-cdn.net/species/hesperiidae/tagiades_toba/adult_reference.webp,Public domain,https://commons.wikimedia.org/wiki/File:Seitz9FaunaIndoAustralicaPlate165.JPG,69d843f6-daa8-4a88-a2b1-539c14a08bca
PLATE_SHARED,Taractrocera archias,Yellow Grass Dart,Hesperiidae,True,"Seitz_Macrolepidoptera_IndoAustralia_Fauna_Plate_170.jpg — plate page, also used by 4 other species",https://butterfly-identification.b-cdn.net/species/hesperiidae/taractrocera_archias/adult_reference.webp,Public domain,https://commons.wikimedia.org/wiki/File:Seitz_Macrolepidoptera_IndoAustralia_Fauna_Plate_170.jpg,0aeefc52-9596-41d2-a4d6-2e7061627ab0
PLATE_SHARED,Thoressa fusca,Thoressa fusca,Hesperiidae,True,"Seitz9FaunaIndoAustralicaPlate171.JPG — plate page, also used by 10 other species",https://butterfly-identification.b-cdn.net/species/hesperiidae/thoressa_fusca/adult_reference.webp,Public domain,https://commons.wikimedia.org/wiki/File:Seitz9FaunaIndoAustralicaPlate171.JPG,aff3b201-b541-42a8-ad98-3eacaf58c962
PLATE_SHARED,Thoressa hyrie,Large-spot Plain Ace,Hesperiidae,True,"Seitz9FaunaIndoAustralicaPlate171.JPG — plate page, also used by 10 other species",https://butterfly-identification.b-cdn.net/species/hesperiidae/thoressa_hyrie/adult_reference.webp,Public domain,https://commons.wikimedia.org/wiki/File:Seitz9FaunaIndoAustralicaPlate171.JPG,d753e60a-0b67-44cb-b8b9-821048e97385
PLATE_SHARED,Unkana ambasa,Hoary Palmer,Hesperiidae,True,"Seitz9FaunaIndoAustralicaPlate175.JPG — plate page, also used by 4 other species",https://butterfly-identification.b-cdn.net/species/hesperiidae/unkana_ambasa/adult_reference.webp,Public domain,https://commons.wikimedia.org/wiki/File:Seitz9FaunaIndoAustralicaPlate175.JPG,706ab676-794f-476f-b6c4-b05e3d7a5572
PLATE_SHARED,Amblypodia rama,Amblypodia rama,Lycaenidae,True,"Seitz_Macrolepidoptera_Indoaustralian_Fauna_Plate_150b.jpg — plate page, also used by 2 other species",https://butterfly-identification.b-cdn.net/species/lycaenidae/amblypodia_rama/adult_reference.webp,Public domain,https://commons.wikimedia.org/wiki/File:Seitz_Macrolepidoptera_Indoaustralian_Fauna_Plate_150b.jpg,b6a79a46-5b60-4141-a23a-9c49d1a90b7f
PLATE_SHARED,Aphnaeus syama,Aphnaeus syama,Lycaenidae,True,"Seitz9FaunaIndoAustralicaPlate157.JPG — plate page, also used by 2 other species",https://butterfly-identification.b-cdn.net/species/lycaenidae/aphnaeus_syama/adult_reference.webp,Public domain,https://commons.wikimedia.org/wiki/File:Seitz9FaunaIndoAustralicaPlate157.JPG,fd3e1b06-ff49-4667-a666-1415634a505b
PLATE_SHARED,Arhopala abseus,Aberrant Oakblue,Lycaenidae,True,"Seitz_Macrolepidoptera_Indoaustralian_Fauna_Plate_147.jpg — plate page, also used by 4 other species",https://butterfly-identification.b-cdn.net/species/lycaenidae/arhopala_abseus/adult_reference.webp,Public domain,https://commons.wikimedia.org/wiki/File:Seitz_Macrolepidoptera_Indoaustralian_Fauna_Plate_147.jpg,f7a63980-3aa3-4d86-8d7a-e12e2d37e295
PLATE_SHARED,Arhopala adriana,Arhopala adriana,Lycaenidae,True,"Seitz_Macrolepidoptera_Indoaustralian_Fauna_Plate_150b.jpg — plate page, also used by 2 other species",https://butterfly-identification.b-cdn.net/species/lycaenidae/arhopala_adriana/adult_reference.webp,Public domain,https://commons.wikimedia.org/wiki/File:Seitz_Macrolepidoptera_Indoaustralian_Fauna_Plate_150b.jpg,56b74279-9f8a-4fca-9f46-c2913c8b0692
PLATE_SHARED,Arhopala alea,Rosy Oakblue,Lycaenidae,True,"Seitz_Macrolepidoptera_Indoaustralian_Fauna_Plate_150b.jpg — plate page, also used by 2 other species",https://butterfly-identification.b-cdn.net/species/lycaenidae/arhopala_alea/adult_reference.webp,Public domain,https://commons.wikimedia.org/wiki/File:Seitz_Macrolepidoptera_Indoaustralian_Fauna_Plate_150b.jpg,6089713f-bc01-4d74-aeca-eed334163cb8
PLATE_SHARED,Arhopala anthelus,Bushblue,Lycaenidae,True,"Seitz_Macrolepidoptera_Indoaustralian_Fauna_Plate_149.jpg — plate page, also used by 3 other species",https://butterfly-identification.b-cdn.net/species/lycaenidae/arhopala_anthelus/adult_reference.webp,Public domain,https://commons.wikimedia.org/wiki/File:Seitz_Macrolepidoptera_Indoaustralian_Fauna_Plate_149.jpg,c94fccf1-a4f1-40be-81e5-6e9b36a18e61
PLATE_SHARED,Arhopala ariana,Pinkish-washed Oakblue,Lycaenidae,True,"Seitz_Macrolepidoptera_IndoAustralica_Fauna_Plate_154.jpg — plate page, also used by 1 other species",https://butterfly-identification.b-cdn.net/species/lycaenidae/arhopala_ariana/adult_reference.webp,Public domain,https://commons.wikimedia.org/wiki/File:Seitz_Macrolepidoptera_IndoAustralica_Fauna_Plate_154.jpg,af51800c-d0cd-4799-9b54-98c4d0d2433c
PLATE_SHARED,Arhopala asopia,Plain Tailess Oakblue,Lycaenidae,True,"Seitz9FaunaIndoAustralicaPlate150.jpg — plate page, also used by 1 other species",https://butterfly-identification.b-cdn.net/species/lycaenidae/arhopala_asopia/adult_reference.webp,Public domain,https://commons.wikimedia.org/wiki/File:Seitz9FaunaIndoAustralicaPlate150.jpg,b60a770e-1137-4384-836a-9ad3116e4200
PLATE_SHARED,Arhopala camdeo,Arhopala camdeo,Lycaenidae,True,"Seitz_Macrolepidoptera_Indoaustralian_Fauna_Plate_149.jpg — plate page, also used by 3 other species",https://butterfly-identification.b-cdn.net/species/lycaenidae/arhopala_camdeo/adult_reference.webp,Public domain,https://commons.wikimedia.org/wiki/File:Seitz_Macrolepidoptera_Indoaustralian_Fauna_Plate_149.jpg,4da7b5ab-c158-4179-a0ea-e01d86f3b549
PLATE_SHARED,Arhopala corinda,Ultramarine Oakblue,Lycaenidae,True,"Seitz9FaunaIndoAustralicaPlate150.jpg — plate page, also used by 1 other species",https://butterfly-identification.b-cdn.net/species/lycaenidae/arhopala_corinda/adult_reference.webp,Public domain,https://commons.wikimedia.org/wiki/File:Seitz9FaunaIndoAustralicaPlate150.jpg,92636f5b-e5fa-4fe5-9c39-6ca31842950b
PLATE_SHARED,Arhopala diardi,Arhopala diardi,Lycaenidae,True,"Seitz_Macrolepidoptera_IndoAustralia_Fauna_Plate_163.jpg — plate page, also used by 3 other species",https://butterfly-identification.b-cdn.net/species/lycaenidae/arhopala_diardi/adult_reference.webp,Public domain,https://commons.wikimedia.org/wiki/File:Seitz_Macrolepidoptera_IndoAustralia_Fauna_Plate_163.jpg,43f2fbce-2f77-44b2-b987-65788aeddb6a
PLATE_SHARED,Arhopala eumolphus,Green Oakblue,Lycaenidae,True,"Seitz_Macrolepidoptera_Indoaustralian_Fauna_Plate_149.jpg — plate page, also used by 3 other species",https://butterfly-identification.b-cdn.net/species/lycaenidae/arhopala_eumolphus/adult_reference.webp,Public domain,https://commons.wikimedia.org/wiki/File:Seitz_Macrolepidoptera_Indoaustralian_Fauna_Plate_149.jpg,8024e2f4-a801-4e06-830d-874f3b0c4cc7
PLATE_SHARED,Arhopala fulla,Spotless Oakblue,Lycaenidae,True,"Seitz_Macrolepidoptera_Indoaustralian_Fauna_Plate_147.jpg — plate page, also used by 4 other species",https://butterfly-identification.b-cdn.net/species/lycaenidae/arhopala_fulla/adult_reference.webp,Public domain,https://commons.wikimedia.org/wiki/File:Seitz_Macrolepidoptera_Indoaustralian_Fauna_Plate_147.jpg,fdb4a262-f5e3-4198-bd57-e71a0a341e20
PLATE_SHARED,Arhopala ganesa,Tailless Bushblue,Lycaenidae,True,"Seitz_Macrolepidoptera_Indoaustralian_Fauna_Plate_147.jpg — plate page, also used by 4 other species",https://butterfly-identification.b-cdn.net/species/lycaenidae/arhopala_ganesa/adult_reference.webp,Public domain,https://commons.wikimedia.org/wiki/File:Seitz_Macrolepidoptera_Indoaustralian_Fauna_Plate_147.jpg,f255b762-ea52-4d5e-b566-4dc35d23bcb8
PLATE_SHARED,Arhopala moolaiana,Arhopala moolaiana,Lycaenidae,True,"Seitz_Macrolepidoptera_Indoaustralian_Fauna_Plate_148.jpg — plate page, also used by 1 other species",https://butterfly-identification.b-cdn.net/species/lycaenidae/arhopala_moolaiana/adult_reference.webp,Public domain,https://commons.wikimedia.org/wiki/File:Seitz_Macrolepidoptera_Indoaustralian_Fauna_Plate_148.jpg,8ecb0b8a-9a39-493a-85db-1cdd52c7075d
PLATE_SHARED,Arhopala nicevillei,Arhopala nicevillei,Lycaenidae,True,"Seitz_Macrolepidoptera_Indoaustralian_Fauna_Plate_148.jpg — plate page, also used by 1 other species",https://butterfly-identification.b-cdn.net/species/lycaenidae/arhopala_nicevillei/adult_reference.webp,Public domain,https://commons.wikimedia.org/wiki/File:Seitz_Macrolepidoptera_Indoaustralian_Fauna_Plate_148.jpg,176eb4ce-6e7f-424d-adba-83c471553156
PLATE_SHARED,Arhopala oenea,Lackluster Oakblue,Lycaenidae,True,"Seitz_Macrolepidoptera_Indoaustralian_Fauna_Plate_147.jpg — plate page, also used by 4 other species",https://butterfly-identification.b-cdn.net/species/lycaenidae/arhopala_oenea/adult_reference.webp,Public domain,https://commons.wikimedia.org/wiki/File:Seitz_Macrolepidoptera_Indoaustralian_Fauna_Plate_147.jpg,0092bf94-dbf6-4592-a662-4b9522da40cf
PLATE_SHARED,Arhopala paraganesa,Dusky Bushblue,Lycaenidae,True,"Seitz_Macrolepidoptera_Indoaustralian_Fauna_Plate_147.jpg — plate page, also used by 4 other species",https://butterfly-identification.b-cdn.net/species/lycaenidae/arhopala_paraganesa/adult_reference.webp,Public domain,https://commons.wikimedia.org/wiki/File:Seitz_Macrolepidoptera_Indoaustralian_Fauna_Plate_147.jpg,ffc570d6-d0a7-4779-bba5-f02668c31566
PLATE_SHARED,Cupido ariana,Cupido ariana,Lycaenidae,True,"Seitz9FaunaIndoAustralicaPlate153.JPG — plate page, also used by 12 other species",https://butterfly-identification.b-cdn.net/species/lycaenidae/cupido_ariana/adult_reference.webp,Public domain,https://commons.wikimedia.org/wiki/File:Seitz9FaunaIndoAustralicaPlate153.JPG,fce3697d-b23d-456d-a418-84c7a58eeb81
PLATE_SHARED,Curetis barsine,Curetis barsine,Lycaenidae,True,"Seitz_Macrolepidoptera_IndoAustralia_Fauna_Plate_163.jpg — plate page, also used by 3 other species",https://butterfly-identification.b-cdn.net/species/lycaenidae/curetis_barsine/adult_reference.webp,Public domain,https://commons.wikimedia.org/wiki/File:Seitz_Macrolepidoptera_IndoAustralia_Fauna_Plate_163.jpg,33a3e71e-a533-4692-89a5-802454d76548
PLATE_SHARED,Curetis santana,Malayan Sunbeam,Lycaenidae,True,"Seitz_Macrolepidoptera_IndoAustralia_Fauna_Plate_163.jpg — plate page, also used by 3 other species",https://butterfly-identification.b-cdn.net/species/lycaenidae/curetis_santana/adult_reference.webp,Public domain,https://commons.wikimedia.org/wiki/File:Seitz_Macrolepidoptera_IndoAustralia_Fauna_Plate_163.jpg,a66142f4-1620-4f1f-a86c-6e8dce45d23d
PLATE_SHARED,Dacalana vidura,Dacalana vidura,Lycaenidae,True,"Seitz9FaunaIndoAustralicaPlate155.jpg — plate page, also used by 1 other species",https://butterfly-identification.b-cdn.net/species/lycaenidae/dacalana_vidura/adult_reference.webp,Public domain,https://commons.wikimedia.org/wiki/File:Seitz9FaunaIndoAustralicaPlate155.jpg,b44713b6-af5d-4ed6-b0f3-d2b2cac232c3
PLATE_SHARED,Euaspa milionia,water hairstreak,Lycaenidae,True,"Illustrations_of_diurnal_Lepidoptera_Supplement_III.jpg — plate page, also used by 2 other species",https://butterfly-identification.b-cdn.net/species/lycaenidae/euaspa_milionia/adult_reference.webp,Public domain,https://commons.wikimedia.org/wiki/File:Illustrations_of_diurnal_Lepidoptera_Supplement_III.jpg,f8800581-5314-4aa4-b201-5a79719c36ed
PLATE_SHARED,Everes dipora,Everes dipora,Lycaenidae,True,"Seitz9FaunaIndoAustralicaPlate153.JPG — plate page, also used by 12 other species",https://butterfly-identification.b-cdn.net/species/lycaenidae/everes_dipora/adult_reference.webp,Public domain,https://commons.wikimedia.org/wiki/File:Seitz9FaunaIndoAustralicaPlate153.JPG,c56b3336-c1e2-478f-a9e3-31ca8a21b6a4
PLATE_SHARED,Flos apidanus,Plain Plushblue,Lycaenidae,True,"Seitz_Macrolepidoptera_Indoaustralian_Fauna_Plate_149.jpg — plate page, also used by 3 other species",https://butterfly-identification.b-cdn.net/species/lycaenidae/flos_apidanus/adult_reference.webp,Public domain,https://commons.wikimedia.org/wiki/File:Seitz_Macrolepidoptera_Indoaustralian_Fauna_Plate_149.jpg,dc2452b9-e9fe-4ef6-9cab-453101b8b4a7
PLATE_SHARED,Horaga syrinx,Ambon Onyx,Lycaenidae,True,"Seitz9FaunaIndoAustralicaPlate157.JPG — plate page, also used by 2 other species",https://butterfly-identification.b-cdn.net/species/lycaenidae/horaga_syrinx/adult_reference.webp,Public domain,https://commons.wikimedia.org/wiki/File:Seitz9FaunaIndoAustralicaPlate157.JPG,65ef20ba-fc26-404a-af00-ca9cdd892660
PLATE_SHARED,Jamides caerulea,Sky Blue,Lycaenidae,True,"Seitz9FaunaIndoAustralicaPlate153.JPG — plate page, also used by 12 other species",https://butterfly-identification.b-cdn.net/species/lycaenidae/jamides_caerulea/adult_reference.webp,Public domain,https://commons.wikimedia.org/wiki/File:Seitz9FaunaIndoAustralicaPlate153.JPG,09510f35-43b5-4c08-9913-97db5fd3596d
PLATE_SHARED,Jamides elpis,Glistening Cerulean,Lycaenidae,True,"Seitz_Macrolepidoptera_Indoaustralian_Fauna_Plate_151.jpg — plate page, also used by 3 other species",https://butterfly-identification.b-cdn.net/species/lycaenidae/jamides_elpis/adult_reference.webp,Public domain,https://commons.wikimedia.org/wiki/File:Seitz_Macrolepidoptera_Indoaustralian_Fauna_Plate_151.jpg,7d4bb198-398f-4693-b88b-93735d96fc65
PLATE_SHARED,Jamides euchylas,Jamides euchylas,Lycaenidae,True,"Seitz9FaunaIndoAustralicaPlate152.JPG — plate page, also used by 3 other species",https://butterfly-identification.b-cdn.net/species/lycaenidae/jamides_euchylas/adult_reference.webp,Public domain,https://commons.wikimedia.org/wiki/File:Seitz9FaunaIndoAustralicaPlate152.JPG,20a4ad73-00c8-4e46-bea6-2c376b0630b2
PLATE_SHARED,Jamides malaccanus,Malaccan Cerulean,Lycaenidae,True,"Seitz_Macrolepidoptera_Indoaustralian_Fauna_Plate_151.jpg — plate page, also used by 3 other species",https://butterfly-identification.b-cdn.net/species/lycaenidae/jamides_malaccanus/adult_reference.webp,Public domain,https://commons.wikimedia.org/wiki/File:Seitz_Macrolepidoptera_Indoaustralian_Fauna_Plate_151.jpg,db5629b4-997b-4376-b248-b35a35487645
PLATE_SHARED,Jamides pura,White Cerulean,Lycaenidae,True,"Seitz_Macrolepidoptera_Indoaustralian_Fauna_Plate_151.jpg — plate page, also used by 3 other species",https://butterfly-identification.b-cdn.net/species/lycaenidae/jamides_pura/adult_reference.webp,Public domain,https://commons.wikimedia.org/wiki/File:Seitz_Macrolepidoptera_Indoaustralian_Fauna_Plate_151.jpg,85073dd5-0693-4a53-b0f1-34b2bf51d5fa
PLATE_SHARED,Lampides cleodus,Lampides cleodus,Lycaenidae,True,"Seitz_Macrolepidoptera_Indoaustralian_Fauna_Plate_151.jpg — plate page, also used by 3 other species",https://butterfly-identification.b-cdn.net/species/lycaenidae/lampides_cleodus/adult_reference.webp,Public domain,https://commons.wikimedia.org/wiki/File:Seitz_Macrolepidoptera_Indoaustralian_Fauna_Plate_151.jpg,639d18cf-b790-4fcf-a4c3-d866c28a2b1a
PLATE_SHARED,Lycaena ardates,Lycaena ardates,Lycaenidae,True,"Seitz_Macrolepidoptera_IndoAustralica_Fauna_Plate_154.jpg — plate page, also used by 1 other species",https://butterfly-identification.b-cdn.net/species/lycaenidae/lycaena_ardates/adult_reference.webp,Public domain,https://commons.wikimedia.org/wiki/File:Seitz_Macrolepidoptera_IndoAustralica_Fauna_Plate_154.jpg,960e61e5-cef5-4ac4-aee3-8dc59a13e26f
PLATE_SHARED,Lycaena decidia,Lycaena decidia,Lycaenidae,True,"Seitz9FaunaIndoAustralicaPlate153.JPG — plate page, also used by 12 other species",https://butterfly-identification.b-cdn.net/species/lycaenidae/lycaena_decidia/adult_reference.webp,Public domain,https://commons.wikimedia.org/wiki/File:Seitz9FaunaIndoAustralicaPlate153.JPG,12b944a6-21ff-4d62-a60c-276a3d3e3844
PLATE_SHARED,Lycaena kasyapa,green copper,Lycaenidae,True,"Seitz_Macrolepidoptera_IndoAustralia_Fauna_Plate_163.jpg — plate page, also used by 3 other species",https://butterfly-identification.b-cdn.net/species/lycaenidae/lycaena_kasyapa/adult_reference.webp,Public domain,https://commons.wikimedia.org/wiki/File:Seitz_Macrolepidoptera_IndoAustralia_Fauna_Plate_163.jpg,99609391-faee-4dd5-827e-0c79085d3e1d
PLATE_SHARED,Lycaena li,Oberthür's Copper,Lycaenidae,True,"Macrolepidoptera01seitz_0161.jpg — plate page, also used by 1 other species",https://butterfly-identification.b-cdn.net/species/lycaenidae/lycaena_li/adult_reference.webp,Public domain,https://commons.wikimedia.org/wiki/File:Macrolepidoptera01seitz_0161.jpg,9f24805b-2d20-4851-9aa3-0644f3eb78b4
PLATE_SHARED,Lycaena metallica,Lycaena metallica,Lycaenidae,True,"Seitz9FaunaIndoAustralicaPlate153.JPG — plate page, also used by 12 other species",https://butterfly-identification.b-cdn.net/species/lycaenidae/lycaena_metallica/adult_reference.webp,Public domain,https://commons.wikimedia.org/wiki/File:Seitz9FaunaIndoAustralicaPlate153.JPG,f3e17cc2-9769-493d-978b-a4960770a9b7
PLATE_SHARED,Lycaena rutilans,Lycaena rutilans,Lycaenidae,True,"Macrolepidoptera01seitz_0165.jpg — plate page, also used by 2 other species",https://butterfly-identification.b-cdn.net/species/lycaenidae/lycaena_rutilans/adult_reference.webp,Public domain,https://commons.wikimedia.org/wiki/File:Macrolepidoptera01seitz_0165.jpg,b0e9d044-8e86-4004-b7c4-dd571806737b
PLATE_SHARED,Lycaenopsis marginata,Lycaenopsis marginata,Lycaenidae,True,"Seitz9FaunaIndoAustralicaPlate153.JPG — plate page, also used by 12 other species",https://butterfly-identification.b-cdn.net/species/lycaenidae/lycaenopsis_marginata/adult_reference.webp,Public domain,https://commons.wikimedia.org/wiki/File:Seitz9FaunaIndoAustralicaPlate153.JPG,22c79d0d-315e-43bb-a3b2-99643bb6bce9
PLATE_SHARED,Mota massyla,Saffron,Lycaenidae,True,"Illustrations_of_diurnal_Lepidoptera_Supplement_III.jpg — plate page, also used by 2 other species",https://butterfly-identification.b-cdn.net/species/lycaenidae/mota_massyla/adult_reference.webp,Public domain,https://commons.wikimedia.org/wiki/File:Illustrations_of_diurnal_Lepidoptera_Supplement_III.jpg,fca9b761-702c-4767-9b6e-6ee6a1e704e2
PLATE_SHARED,Nacaduba pavana,Nacaduba pavana,Lycaenidae,True,"Macrolepidoptera01seitz_0163.jpg — plate page, also used by 2 other species",https://butterfly-identification.b-cdn.net/species/lycaenidae/nacaduba_pavana/adult_reference.webp,Public domain,https://commons.wikimedia.org/wiki/File:Macrolepidoptera01seitz_0163.jpg,9204bbfa-7471-4a5a-8b66-979c36848a17
PLATE_SHARED,Nacaduba subperusia,Violet Fourline Blue,Lycaenidae,True,"Seitz9FaunaIndoAustralicaPlate152.JPG — plate page, also used by 3 other species",https://butterfly-identification.b-cdn.net/species/lycaenidae/nacaduba_subperusia/adult_reference.webp,Public domain,https://commons.wikimedia.org/wiki/File:Seitz9FaunaIndoAustralicaPlate152.JPG,accd3d4c-ad02-4892-ba81-68f28ae7bb0f
PLATE_SHARED,Niphanda asialis,White-banded Pierrot,Lycaenidae,True,"Seitz9FaunaIndoAustralicaPlate153.JPG — plate page, also used by 12 other species",https://butterfly-identification.b-cdn.net/species/lycaenidae/niphanda_asialis/adult_reference.webp,Public domain,https://commons.wikimedia.org/wiki/File:Seitz9FaunaIndoAustralicaPlate153.JPG,f1155079-b8a1-47ad-ba1f-9f2b406601c9
PLATE_SHARED,Niphanda cymbia,Small Pointed Pierrot,Lycaenidae,True,"Seitz9FaunaIndoAustralicaPlate153.JPG — plate page, also used by 12 other species",https://butterfly-identification.b-cdn.net/species/lycaenidae/niphanda_cymbia/adult_reference.webp,Public domain,https://commons.wikimedia.org/wiki/File:Seitz9FaunaIndoAustralicaPlate153.JPG,6f6143b5-121c-4855-8f24-9340bef4a168
PLATE_SHARED,Pamiria chrysopis,Pamiria chrysopis,Lycaenidae,True,"Macrolepidoptera01seitz_0165.jpg — plate page, also used by 2 other species",https://butterfly-identification.b-cdn.net/species/lycaenidae/pamiria_chrysopis/adult_reference.webp,Public domain,https://commons.wikimedia.org/wiki/File:Macrolepidoptera01seitz_0165.jpg,083783d6-3e52-44e3-af12-11a2c5841ceb
PLATE_SHARED,Pamiria omphisa,Pamiria omphisa,Lycaenidae,True,"Macrolepidoptera01seitz_0165.jpg — plate page, also used by 2 other species",https://butterfly-identification.b-cdn.net/species/lycaenidae/pamiria_omphisa/adult_reference.webp,Public domain,https://commons.wikimedia.org/wiki/File:Macrolepidoptera01seitz_0165.jpg,717d9b6d-6811-4a15-921d-c8ed7a070954
PLATE_SHARED,Plebejidea loewi,Loew's Blue,Lycaenidae,True,"Macrolepidoptera01seitz_0163.jpg — plate page, also used by 2 other species",https://butterfly-identification.b-cdn.net/species/lycaenidae/plebejidea_loewi/adult_reference.webp,Public domain,https://commons.wikimedia.org/wiki/File:Macrolepidoptera01seitz_0163.jpg,2e9875e9-9799-45e2-81fa-61a0fc09826c
PLATE_SHARED,Plebejus christophi,Small Jewel Blue,Lycaenidae,True,"Macrolepidoptera01seitz_0163.jpg — plate page, also used by 2 other species",https://butterfly-identification.b-cdn.net/species/lycaenidae/plebejus_christophi/adult_reference.webp,Public domain,https://commons.wikimedia.org/wiki/File:Macrolepidoptera01seitz_0163.jpg,266bd323-b422-4af2-8a4c-533722d833a9
PLATE_SHARED,Polyommatus icadius,Polyommatus icadius,Lycaenidae,True,"Macrolepidoptera01seitz_0167.jpg — plate page, also used by 1 other species",https://butterfly-identification.b-cdn.net/species/lycaenidae/polyommatus_icadius/adult_reference.webp,Public domain,https://commons.wikimedia.org/wiki/File:Macrolepidoptera01seitz_0167.jpg,18e18f24-ff8a-497d-9518-d6b7459524ee
PLATE_SHARED,Polyommatus lehanus,Polyommatus lehanus,Lycaenidae,True,"Seitz9FaunaIndoAustralicaPlate153.JPG — plate page, also used by 12 other species",https://butterfly-identification.b-cdn.net/species/lycaenidae/polyommatus_lehanus/adult_reference.webp,Public domain,https://commons.wikimedia.org/wiki/File:Seitz9FaunaIndoAustralicaPlate153.JPG,53c92f0f-270c-4ba0-9c0d-268dc300c162
PLATE_SHARED,Polyommatus sarta,Polyommatus sarta,Lycaenidae,True,"Macrolepidoptera01seitz_0167.jpg — plate page, also used by 1 other species",https://butterfly-identification.b-cdn.net/species/lycaenidae/polyommatus_sarta/adult_reference.webp,Public domain,https://commons.wikimedia.org/wiki/File:Macrolepidoptera01seitz_0167.jpg,1ab61225-d7ce-45e0-b0b0-524a702519da
PLATE_SHARED,Pratapa deva,White Tufted Royal,Lycaenidae,True,"Seitz9FaunaIndoAustralicaPlate155.jpg — plate page, also used by 1 other species",https://butterfly-identification.b-cdn.net/species/lycaenidae/pratapa_deva/adult_reference.webp,Public domain,https://commons.wikimedia.org/wiki/File:Seitz9FaunaIndoAustralicaPlate155.jpg,5ee16fee-aba2-4d8e-90e8-a55111f0f66e
PLATE_SHARED,Pratapa icetas,Dark Blue Royal,Lycaenidae,True,"Macrolepidoptera01seitz_0151.jpg — plate page, also used by 1 other species",https://butterfly-identification.b-cdn.net/species/lycaenidae/pratapa_icetas/adult_reference.webp,Public domain,https://commons.wikimedia.org/wiki/File:Macrolepidoptera01seitz_0151.jpg,94132bc5-c97d-4ae0-bd2e-a5cf5ec7f105
PLATE_SHARED,Pseudoaricia nicias,Pseudoaricia nicias,Lycaenidae,True,"Seitz9FaunaIndoAustralicaPlate153.JPG — plate page, also used by 12 other species",https://butterfly-identification.b-cdn.net/species/lycaenidae/pseudoaricia_nicias/adult_reference.webp,Public domain,https://commons.wikimedia.org/wiki/File:Seitz9FaunaIndoAustralicaPlate153.JPG,c130eb30-56ce-44c9-8e82-6450c621c3e2
PLATE_SHARED,Rapala dieneces,Scarlet Flash,Lycaenidae,True,"Seitz_Macrolepidoptera_IndoAustralia_Fauna_Plate_160.jpg — plate page, also used by 5 other species",https://butterfly-identification.b-cdn.net/species/lycaenidae/rapala_dieneces/adult_reference.webp,Public domain,https://commons.wikimedia.org/wiki/File:Seitz_Macrolepidoptera_IndoAustralia_Fauna_Plate_160.jpg,072bd205-6616-42c7-9ebc-4b407402b338
PLATE_SHARED,Rapala scintilla,Scarce Slate Flash,Lycaenidae,True,"Seitz_Macrolepidoptera_IndoAustralia_Fauna_Plate_160.jpg — plate page, also used by 5 other species",https://butterfly-identification.b-cdn.net/species/lycaenidae/rapala_scintilla/adult_reference.webp,Public domain,https://commons.wikimedia.org/wiki/File:Seitz_Macrolepidoptera_IndoAustralia_Fauna_Plate_160.jpg,b4fa4880-61a1-4772-98c3-7a2a91bb5238
PLATE_SHARED,Rapala selira,Himalayan Red Flash,Lycaenidae,True,"Macrolepidoptera01seitz_0151.jpg — plate page, also used by 1 other species",https://butterfly-identification.b-cdn.net/species/lycaenidae/rapala_selira/adult_reference.webp,Public domain,https://commons.wikimedia.org/wiki/File:Macrolepidoptera01seitz_0151.jpg,88ef0971-9894-4617-a2ab-22f536012f6f
PLATE_SHARED,Rapala sphinx,Rapala sphinx,Lycaenidae,True,"Seitz_Macrolepidoptera_IndoAustralia_Fauna_Plate_160.jpg — plate page, also used by 5 other species",https://butterfly-identification.b-cdn.net/species/lycaenidae/rapala_sphinx/adult_reference.webp,Public domain,https://commons.wikimedia.org/wiki/File:Seitz_Macrolepidoptera_IndoAustralia_Fauna_Plate_160.jpg,d625949a-bfe2-401e-9818-4b6bdc0f3f02
PLATE_SHARED,Rapala suffusa,Rapala suffusa,Lycaenidae,True,"Seitz_Macrolepidoptera_IndoAustralia_Fauna_Plate_160.jpg — plate page, also used by 5 other species",https://butterfly-identification.b-cdn.net/species/lycaenidae/rapala_suffusa/adult_reference.webp,Public domain,https://commons.wikimedia.org/wiki/File:Seitz_Macrolepidoptera_IndoAustralia_Fauna_Plate_160.jpg,856df6dc-1fdb-47ad-81b7-3e91ba4e3357
PLATE_SHARED,Sithon megistia,Sithon megistia,Lycaenidae,True,"Illustrations_of_diurnal_Lepidoptera_Supplement_III.jpg — plate page, also used by 2 other species",https://butterfly-identification.b-cdn.net/species/lycaenidae/sithon_megistia/adult_reference.webp,Public domain,https://commons.wikimedia.org/wiki/File:Illustrations_of_diurnal_Lepidoptera_Supplement_III.jpg,980e6d2a-b49d-4519-8b1d-9ed3880bd028
PLATE_SHARED,Suasa lisides,Red Imperial,Lycaenidae,True,"Seitz9FaunaIndoAustralicaPlate157.JPG — plate page, also used by 2 other species",https://butterfly-identification.b-cdn.net/species/lycaenidae/suasa_lisides/adult_reference.webp,Public domain,https://commons.wikimedia.org/wiki/File:Seitz9FaunaIndoAustralicaPlate157.JPG,f7fc0549-6979-4185-a870-ab96141b3c06
PLATE_SHARED,Tarucus theophrastus,African Pierrot,Lycaenidae,True,"Macrolepidoptera01seitz_0161.jpg — plate page, also used by 1 other species",https://butterfly-identification.b-cdn.net/species/lycaenidae/tarucus_theophrastus/adult_reference.webp,Public domain,https://commons.wikimedia.org/wiki/File:Macrolepidoptera01seitz_0161.jpg,948158f7-1bc7-4ad6-85ce-d9aea2cfc623
PLATE_SHARED,Tarucus venosus,Himalayan Pierrot,Lycaenidae,True,"Seitz9FaunaIndoAustralicaPlate153.JPG — plate page, also used by 12 other species",https://butterfly-identification.b-cdn.net/species/lycaenidae/tarucus_venosus/adult_reference.webp,Public domain,https://commons.wikimedia.org/wiki/File:Seitz9FaunaIndoAustralicaPlate153.JPG,1d1e14ff-0285-4c84-a98f-6629d9a0318d
PLATE_SHARED,Tarucus waterstradti,Separate Pierrot,Lycaenidae,True,"Seitz9FaunaIndoAustralicaPlate153.JPG — plate page, also used by 12 other species",https://butterfly-identification.b-cdn.net/species/lycaenidae/tarucus_waterstradti/adult_reference.webp,Public domain,https://commons.wikimedia.org/wiki/File:Seitz9FaunaIndoAustralicaPlate153.JPG,c2488532-5d26-493e-b885-7a5978707e6a
PLATE_SHARED,Thecla duma,Thecla duma,Lycaenidae,True,"Seitz_Macrolepidoptera_IndoAustralia_Fauna_Plate_160.jpg — plate page, also used by 5 other species",https://butterfly-identification.b-cdn.net/species/lycaenidae/thecla_duma/adult_reference.webp,Public domain,https://commons.wikimedia.org/wiki/File:Seitz_Macrolepidoptera_IndoAustralia_Fauna_Plate_160.jpg,9b64ce4e-8c62-4654-b20d-fd44e00816cd
PLATE_SHARED,Udara akasa,White Hedge Blue,Lycaenidae,True,"Seitz9FaunaIndoAustralicaPlate152.JPG — plate page, also used by 3 other species",https://butterfly-identification.b-cdn.net/species/lycaenidae/udara_akasa/adult_reference.webp,Public domain,https://commons.wikimedia.org/wiki/File:Seitz9FaunaIndoAustralicaPlate152.JPG,9ce2d8c1-8278-4984-8ebc-aceded5b029a
PLATE_SHARED,Udara camenae,Udara camenae,Lycaenidae,True,"Seitz9FaunaIndoAustralicaPlate152.JPG — plate page, also used by 3 other species",https://butterfly-identification.b-cdn.net/species/lycaenidae/udara_camenae/adult_reference.webp,Public domain,https://commons.wikimedia.org/wiki/File:Seitz9FaunaIndoAustralicaPlate152.JPG,d17408af-3d8b-4f85-80b2-020651a900a2
PLATE_SHARED,Zinaspa todara,Silver Streaked Acacia Blue,Lycaenidae,True,"Seitz_Macrolepidoptera_IndoAustralia_Fauna_Plate_160.jpg — plate page, also used by 5 other species",https://butterfly-identification.b-cdn.net/species/lycaenidae/zinaspa_todara/adult_reference.webp,Public domain,https://commons.wikimedia.org/wiki/File:Seitz_Macrolepidoptera_IndoAustralia_Fauna_Plate_160.jpg,a6674171-065d-472a-b0a4-41d9f3ebcebd
PLATE_SHARED,Zintha hintza,Blue Pied Pierrot,Lycaenidae,True,"SeitzFaunaAfricanaXIIITaf73.jpg — plate page, also used by 1 other species",https://butterfly-identification.b-cdn.net/species/lycaenidae/zintha_hintza/adult_reference.webp,Public domain,https://commons.wikimedia.org/wiki/File:SeitzFaunaAfricanaXIIITaf73.jpg,88ef8e7d-c2f7-460d-8e44-7f468711dd73
PLATE_SHARED,Zizeeria ossa,Zizeeria ossa,Lycaenidae,True,"Seitz9FaunaIndoAustralicaPlate153.JPG — plate page, also used by 12 other species",https://butterfly-identification.b-cdn.net/species/lycaenidae/zizeeria_ossa/adult_reference.webp,Public domain,https://commons.wikimedia.org/wiki/File:Seitz9FaunaIndoAustralicaPlate153.JPG,90a69abe-6111-45a5-bd23-2186bd5476ee
PLATE_SHARED,Aglais ladakensis,Ladakh Tortoiseshell,Nymphalidae,True,"Seitz9FaunaIndoAustralicaPlate117.JPG — plate page, also used by 1 other species",https://butterfly-identification.b-cdn.net/species/nymphalidae/aglais_ladakensis/adult_reference.webp,Public domain,https://commons.wikimedia.org/wiki/File:Seitz9FaunaIndoAustralicaPlate117.JPG,4df6c5c1-3d6e-4a6d-a1b0-c4954381c158
PLATE_SHARED,Algia fasciata,Little Banded Yeoman,Nymphalidae,True,"Seitz9FaunaIndoAustralicaPlate121.JPG — plate page, also used by 2 other species",https://butterfly-identification.b-cdn.net/species/nymphalidae/algia_fasciata/adult_reference.webp,Public domain,https://commons.wikimedia.org/wiki/File:Seitz9FaunaIndoAustralicaPlate121.JPG,6ee67660-50b8-47d7-8653-74c6cc19c1b5
PLATE_SHARED,Amnosia decora,Ninja,Nymphalidae,True,"Seitz9FaunaIndoAustralicaPlate115.JPG — plate page, also used by 1 other species",https://butterfly-identification.b-cdn.net/species/nymphalidae/amnosia_decora/adult_reference.webp,Public domain,https://commons.wikimedia.org/wiki/File:Seitz9FaunaIndoAustralicaPlate115.JPG,90204354-f937-4c6b-ae9f-307b2599ce32
PLATE_SHARED,Aulocera padma,Great Satyr,Nymphalidae,True,"The_Macrolepidoptera_of_the_world_%28Taf._41%29_%288145251989%29.jpg — plate page, also used by 4 other species",https://butterfly-identification.b-cdn.net/species/nymphalidae/aulocera_padma/adult_reference.webp,Public domain,https://commons.wikimedia.org/wiki/File:The_Macrolepidoptera_of_the_world_(Taf._41)_(8145251989).jpg,6f37a65e-f198-40ee-8fdd-4278aa0a3f94
PLATE_SHARED,Bassarona recta,Bassarona recta,Nymphalidae,True,"Seitz9FaunaIndoAustralicaPlate131.JPG — plate page, also used by 1 other species",https://butterfly-identification.b-cdn.net/species/nymphalidae/bassarona_recta/adult_reference.webp,Public domain,https://commons.wikimedia.org/wiki/File:Seitz9FaunaIndoAustralicaPlate131.JPG,0dfa6d9b-9bc8-4fd8-a24c-6f51e7887a2a
PLATE_SHARED,Callerebia annada,Ringed Argus,Nymphalidae,True,"Erebia3Seitz.jpg — plate page, also used by 3 other species",https://butterfly-identification.b-cdn.net/species/nymphalidae/callerebia_annada/adult_reference.webp,Public domain,https://commons.wikimedia.org/wiki/File:Erebia3Seitz.jpg,95032010-cd75-4f93-abff-1cc5a5d2cadd
PLATE_SHARED,Callerebia daksha,Callerebia daksha,Nymphalidae,True,"Seitz9FaunaIndoAustralicaPlate93.jpg — plate page, also used by 1 other species",https://butterfly-identification.b-cdn.net/species/nymphalidae/callerebia_daksha/adult_reference.webp,Public domain,https://commons.wikimedia.org/wiki/File:Seitz9FaunaIndoAustralicaPlate93.jpg,6710ff54-e182-4504-a8f6-475ad0c724f5
PLATE_SHARED,Callerebia hybrida,Hybrid Argus,Nymphalidae,True,"Erebia3Seitz.jpg — plate page, also used by 3 other species",https://butterfly-identification.b-cdn.net/species/nymphalidae/callerebia_hybrida/adult_reference.webp,Public domain,https://commons.wikimedia.org/wiki/File:Erebia3Seitz.jpg,c1823c85-e492-4c53-bce4-5601e385ddf9
PLATE_SHARED,Callerebia shallada,Callerebia shallada,Nymphalidae,True,"Erebia3Seitz.jpg — plate page, also used by 3 other species",https://butterfly-identification.b-cdn.net/species/nymphalidae/callerebia_shallada/adult_reference.webp,Public domain,https://commons.wikimedia.org/wiki/File:Erebia3Seitz.jpg,eb70f058-feed-4210-bb28-f56a719613ff
PLATE_SHARED,Cethosia lamarckii,Cethosia lamarckii,Nymphalidae,True,"Seitz9FaunaIndoAustralicaPlate110.JPG — plate page, also used by 1 other species",https://butterfly-identification.b-cdn.net/species/nymphalidae/cethosia_lamarckii/adult_reference.webp,Public domain,https://commons.wikimedia.org/wiki/File:Seitz9FaunaIndoAustralicaPlate110.JPG,dc1dd2eb-9425-40e5-9a47-62dfe6b0d784
PLATE_SHARED,Cethosia penthesilea,Orange Lacewing,Nymphalidae,True,"Seitz9FaunaIndoAustralicaPlate110.JPG — plate page, also used by 1 other species",https://butterfly-identification.b-cdn.net/species/nymphalidae/cethosia_penthesilea/adult_reference.webp,Public domain,https://commons.wikimedia.org/wiki/File:Seitz9FaunaIndoAustralicaPlate110.JPG,99d5d4c9-13f1-49c9-b834-30bd9c67c4bb
PLATE_SHARED,Charaxes distanti,Malay Rajah,Nymphalidae,True,"Seitz9FaunaIndoAustralicaPlate136.JPG — plate page, also used by 1 other species",https://butterfly-identification.b-cdn.net/species/nymphalidae/charaxes_distanti/adult_reference.webp,Public domain,https://commons.wikimedia.org/wiki/File:Seitz9FaunaIndoAustralicaPlate136.JPG,d21ffc5b-f145-4fff-8c74-53dc2d5ed94f
PLATE_SHARED,Charaxes harmodius,Double Eye-spotted Rajah,Nymphalidae,True,"Seitz9FaunaIndoAustralicaPlate136.JPG — plate page, also used by 1 other species",https://butterfly-identification.b-cdn.net/species/nymphalidae/charaxes_harmodius/adult_reference.webp,Public domain,https://commons.wikimedia.org/wiki/File:Seitz9FaunaIndoAustralicaPlate136.JPG,3cbc07b1-18ac-497c-a5d9-5690f8af9de0
PLATE_SHARED,Cirrochroa orissa,Banded Yeoman,Nymphalidae,True,"Seitz9FaunaIndoAustralicaPlate107.JPG — plate page, also used by 4 other species",https://butterfly-identification.b-cdn.net/species/nymphalidae/cirrochroa_orissa/adult_reference.webp,Public domain,https://commons.wikimedia.org/wiki/File:Seitz9FaunaIndoAustralicaPlate107.JPG,b7ef7512-9aeb-4a8c-93e8-6b5682b1b010
PLATE_SHARED,Cirrochroa satellita,Satellite Yeoman,Nymphalidae,True,"Seitz9FaunaIndoAustralicaPlate108.JPG — plate page, also used by 1 other species",https://butterfly-identification.b-cdn.net/species/nymphalidae/cirrochroa_satellita/adult_reference.webp,Public domain,https://commons.wikimedia.org/wiki/File:Seitz9FaunaIndoAustralicaPlate108.JPG,4a90ab45-232b-4dc8-8613-e34ce889644d
PLATE_SHARED,Cirrochroa surya,Little Yeoman,Nymphalidae,True,"Seitz9FaunaIndoAustralicaPlate107.JPG — plate page, also used by 4 other species",https://butterfly-identification.b-cdn.net/species/nymphalidae/cirrochroa_surya/adult_reference.webp,Public domain,https://commons.wikimedia.org/wiki/File:Seitz9FaunaIndoAustralicaPlate107.JPG,280036e5-8f7f-4b29-988a-ddb2f5aaadab
PLATE_SHARED,Coelites nothis,Scarce Catseye,Nymphalidae,True,"Seitz9FaunaIndoAustralicaPlate94.jpg — plate page, also used by 4 other species",https://butterfly-identification.b-cdn.net/species/nymphalidae/coelites_nothis/adult_reference.webp,Public domain,https://commons.wikimedia.org/wiki/File:Seitz9FaunaIndoAustralicaPlate94.jpg,613362dc-66b7-49a3-8cf7-8e48c3efce92
PLATE_SHARED,Cupha crameri,Cupha crameri,Nymphalidae,True,"Seitz9FaunaIndoAustralicaPlate107.JPG — plate page, also used by 4 other species",https://butterfly-identification.b-cdn.net/species/nymphalidae/cupha_crameri/adult_reference.webp,Public domain,https://commons.wikimedia.org/wiki/File:Seitz9FaunaIndoAustralicaPlate107.JPG,41b798ac-febc-41f5-b7dc-25168a912d4a
PLATE_SHARED,Cupha lampetia,Cupha lampetia,Nymphalidae,True,"Seitz9FaunaIndoAustralicaPlate107.JPG — plate page, also used by 4 other species",https://butterfly-identification.b-cdn.net/species/nymphalidae/cupha_lampetia/adult_reference.webp,Public domain,https://commons.wikimedia.org/wiki/File:Seitz9FaunaIndoAustralicaPlate107.JPG,cb96f4de-f57f-45ac-a8b8-75f28dca8a4f
PLATE_SHARED,Cyllogenes suradeva,Cyllogenes suradeva,Nymphalidae,True,"Seitz9FaunaIndoAustralicaPlate96.JPG — plate page, also used by 2 other species",https://butterfly-identification.b-cdn.net/species/nymphalidae/cyllogenes_suradeva/adult_reference.webp,Public domain,https://commons.wikimedia.org/wiki/File:Seitz9FaunaIndoAustralicaPlate96.JPG,23018794-9080-46b5-8d36-1db8593464e7
PLATE_SHARED,Cyrestis tabula,Cyrestis tabula,Nymphalidae,True,"Seitz9FaunaIndoAustralicaPlate121.JPG — plate page, also used by 2 other species",https://butterfly-identification.b-cdn.net/species/nymphalidae/cyrestis_tabula/adult_reference.webp,Public domain,https://commons.wikimedia.org/wiki/File:Seitz9FaunaIndoAustralicaPlate121.JPG,65e63817-ee66-4428-8b9e-f644e877f4af
PLATE_SHARED,Elymnias casiphone,Elymnias casiphone,Nymphalidae,True,"Seitz9FaunaIndoAustralicaPlate87.JPG — plate page, also used by 2 other species",https://butterfly-identification.b-cdn.net/species/nymphalidae/elymnias_casiphone/adult_reference.webp,Public domain,https://commons.wikimedia.org/wiki/File:Seitz9FaunaIndoAustralicaPlate87.JPG,66f09338-16b9-4fc6-9e5a-7aa94bceed47
PLATE_SHARED,Elymnias congruens,Elymnias congruens,Nymphalidae,True,"Seitz9FaunaIndoAustralicaPlate87.JPG — plate page, also used by 2 other species",https://butterfly-identification.b-cdn.net/species/nymphalidae/elymnias_congruens/adult_reference.webp,Public domain,https://commons.wikimedia.org/wiki/File:Seitz9FaunaIndoAustralicaPlate87.JPG,0083a167-7837-42fa-a11b-a622131e2315
PLATE_SHARED,Elymnias cottonis,Elymnias cottonis,Nymphalidae,True,"Seitz9FaunaIndoAustralicaPlate87.JPG — plate page, also used by 2 other species",https://butterfly-identification.b-cdn.net/species/nymphalidae/elymnias_cottonis/adult_reference.webp,Public domain,https://commons.wikimedia.org/wiki/File:Seitz9FaunaIndoAustralicaPlate87.JPG,1588ffa3-3817-4221-8d20-a706b32a5c9e
PLATE_SHARED,Elymnias cybele,Elymnias cybele,Nymphalidae,True,"Seitz9FaunaIndoAustralicaPlate88.jpg — plate page, also used by 2 other species",https://butterfly-identification.b-cdn.net/species/nymphalidae/elymnias_cybele/adult_reference.webp,Public domain,https://commons.wikimedia.org/wiki/File:Seitz9FaunaIndoAustralicaPlate88.jpg,2a509d5a-20dd-4dd0-bbb6-cfc6a51978a4
PLATE_SHARED,Elymnias panthera,Tawny Palmfly,Nymphalidae,True,"Seitz9FaunaIndoAustralicaPlate88.jpg — plate page, also used by 2 other species",https://butterfly-identification.b-cdn.net/species/nymphalidae/elymnias_panthera/adult_reference.webp,Public domain,https://commons.wikimedia.org/wiki/File:Seitz9FaunaIndoAustralicaPlate88.jpg,26dda47f-a280-4453-90c6-633b2e752dad
PLATE_SHARED,Elymnias patna,Blue-striped Palmfly,Nymphalidae,True,"Seitz9FaunaIndoAustralicaPlate88.jpg — plate page, also used by 2 other species",https://butterfly-identification.b-cdn.net/species/nymphalidae/elymnias_patna/adult_reference.webp,Public domain,https://commons.wikimedia.org/wiki/File:Seitz9FaunaIndoAustralicaPlate88.jpg,5e846f33-5b32-412f-94c6-67bb4fcc7844
PLATE_SHARED,Erebia cyclopius,Erebia cyclopius,Nymphalidae,True,"Erebia3Seitz.jpg — plate page, also used by 3 other species",https://butterfly-identification.b-cdn.net/species/nymphalidae/erebia_cyclopius/adult_reference.webp,Public domain,https://commons.wikimedia.org/wiki/File:Erebia3Seitz.jpg,f00f23d8-af11-40ce-bc00-158053485a1f
PLATE_SHARED,Euploea alcathoe,No-brand Crow,Nymphalidae,True,"Seitz9FaunaIndoAustralicaPlate81.JPG — plate page, also used by 2 other species",https://butterfly-identification.b-cdn.net/species/nymphalidae/euploea_alcathoe/adult_reference.webp,Public domain,https://commons.wikimedia.org/wiki/File:Seitz9FaunaIndoAustralicaPlate81.JPG,cadbbbc2-a4f0-48dc-8244-af4753c42cfe
PLATE_SHARED,Euploea crameri,Euploea crameri,Nymphalidae,True,"Seitz9FaunaIndoAustralicaPlate81.JPG — plate page, also used by 2 other species",https://butterfly-identification.b-cdn.net/species/nymphalidae/euploea_crameri/adult_reference.webp,Public domain,https://commons.wikimedia.org/wiki/File:Seitz9FaunaIndoAustralicaPlate81.JPG,0f0ae8a7-c031-4d46-9c30-63a6ad660f32
PLATE_SHARED,Euploea eleusina,Euploea eleusina,Nymphalidae,True,"Seitz9FaunaIndoAustralicaPlate82.JPG — plate page, also used by 1 other species",https://butterfly-identification.b-cdn.net/species/nymphalidae/euploea_eleusina/adult_reference.webp,Public domain,https://commons.wikimedia.org/wiki/File:Seitz9FaunaIndoAustralicaPlate82.JPG,fdfa8441-1631-44ea-9fcf-ec7f30411c91
PLATE_SHARED,Euploea hewitsonii,Euploea hewitsonii,Nymphalidae,True,"Seitz9FaunaIndoAustralicaPlate82.JPG — plate page, also used by 1 other species",https://butterfly-identification.b-cdn.net/species/nymphalidae/euploea_hewitsonii/adult_reference.webp,Public domain,https://commons.wikimedia.org/wiki/File:Seitz9FaunaIndoAustralicaPlate82.JPG,341ce4e7-872c-4b56-a3f3-8a5900aece6f
PLATE_SHARED,Euploea leucostictos,Fijian Crow Butterfly,Nymphalidae,True,"Seitz9FaunaIndoAustralicaPlate81.JPG — plate page, also used by 2 other species",https://butterfly-identification.b-cdn.net/species/nymphalidae/euploea_leucostictos/adult_reference.webp,Public domain,https://commons.wikimedia.org/wiki/File:Seitz9FaunaIndoAustralicaPlate81.JPG,602dc735-6d65-40c2-84c6-8045da7c60e5
PLATE_SHARED,Euripus halitherses,Euripus halitherses,Nymphalidae,True,"Seitz9FaunaIndoAustralicaPlate115.JPG — plate page, also used by 1 other species",https://butterfly-identification.b-cdn.net/species/nymphalidae/euripus_halitherses/adult_reference.webp,Public domain,https://commons.wikimedia.org/wiki/File:Seitz9FaunaIndoAustralicaPlate115.JPG,9154f87c-ad1c-4fdf-ba04-d2f815766845
PLATE_SHARED,Euthalia anosia,Grey Baron,Nymphalidae,True,"Seitz_Macrolepidoptera_IndoAustralica_Fauna_Plate_129.jpg — plate page, also used by 1 other species",https://butterfly-identification.b-cdn.net/species/nymphalidae/euthalia_anosia/adult_reference.webp,Public domain,https://commons.wikimedia.org/wiki/File:Seitz_Macrolepidoptera_IndoAustralica_Fauna_Plate_129.jpg,47bb5109-7085-4e9e-976e-5bd980296f60
PLATE_SHARED,Euthalia duda,Blue Duchess,Nymphalidae,True,"Seitz9FaunaIndoAustralicaPlate130.JPG — plate page, also used by 2 other species",https://butterfly-identification.b-cdn.net/species/nymphalidae/euthalia_duda/adult_reference.webp,Public domain,https://commons.wikimedia.org/wiki/File:Seitz9FaunaIndoAustralicaPlate130.JPG,618ad44b-4d4e-4891-9f81-62fc27ebb45a
PLATE_SHARED,Euthalia eriphylae,Grey-tipped Baron,Nymphalidae,True,"Seitz_Macrolepidoptera_IndoAustralica_Fauna_Plate_129.jpg — plate page, also used by 1 other species",https://butterfly-identification.b-cdn.net/species/nymphalidae/euthalia_eriphylae/adult_reference.webp,Public domain,https://commons.wikimedia.org/wiki/File:Seitz_Macrolepidoptera_IndoAustralica_Fauna_Plate_129.jpg,97fdcf04-8d64-41ff-bea2-c1f362d64a71
PLATE_SHARED,Euthalia merta,White Tipped Baron,Nymphalidae,True,"Seitz9FaudoAustralicanaInPlate137.JPG — plate page, also used by 1 other species",https://butterfly-identification.b-cdn.net/species/nymphalidae/euthalia_merta/adult_reference.webp,Public domain,https://commons.wikimedia.org/wiki/File:Seitz9FaudoAustralicanaInPlate137.JPG,dd980898-1b5c-4aa9-a518-8221c6d76591
PLATE_SHARED,Euthalia nara,bronze duke,Nymphalidae,True,"Seitz9FaunaIndoAustralicaPlate130.JPG — plate page, also used by 2 other species",https://butterfly-identification.b-cdn.net/species/nymphalidae/euthalia_nara/adult_reference.webp,Public domain,https://commons.wikimedia.org/wiki/File:Seitz9FaunaIndoAustralicaPlate130.JPG,e0b6688f-d10b-4032-b4f3-7c7842938ed2
PLATE_SHARED,Euthalia recta,Redtail Marquis,Nymphalidae,True,"Seitz9FaunaIndoAustralicaPlate131.JPG — plate page, also used by 1 other species",https://butterfly-identification.b-cdn.net/species/nymphalidae/euthalia_recta/adult_reference.webp,Public domain,https://commons.wikimedia.org/wiki/File:Seitz9FaunaIndoAustralicaPlate131.JPG,ec333646-b911-4deb-8f13-368e7e594c8a
PLATE_SHARED,Euthalia sahadeva,green duke,Nymphalidae,True,"Seitz9FaunaIndoAustralicaPlate130.JPG — plate page, also used by 2 other species",https://butterfly-identification.b-cdn.net/species/nymphalidae/euthalia_sahadeva/adult_reference.webp,Public domain,https://commons.wikimedia.org/wiki/File:Seitz9FaunaIndoAustralicaPlate130.JPG,2c1bcc31-dc25-4309-8846-16fc88444212
PLATE_SHARED,Faunis stomphax,Banded Faun,Nymphalidae,True,"Seitz9FaunaIndoAustralicaPlate100.JPG — plate page, also used by 1 other species",https://butterfly-identification.b-cdn.net/species/nymphalidae/faunis_stomphax/adult_reference.webp,Public domain,https://commons.wikimedia.org/wiki/File:Seitz9FaunaIndoAustralicaPlate100.JPG,9c1a6d36-cd2d-4255-b44b-8b5b7a5b1054
PLATE_SHARED,Idea hypermnestra,Malayan Tree Nymph,Nymphalidae,True,"Seitz9FaunaIndoAustralicaPlate74.JPG — plate page, also used by 1 other species",https://butterfly-identification.b-cdn.net/species/nymphalidae/idea_hypermnestra/adult_reference.webp,Public domain,https://commons.wikimedia.org/wiki/File:Seitz9FaunaIndoAustralicaPlate74.JPG,849bf6c4-4518-4117-992f-0139e9c98f3a
PLATE_SHARED,Idea stolli,Common Tree Nymph,Nymphalidae,True,"Seitz9FaunaIndoAustralicaPlate74.JPG — plate page, also used by 1 other species",https://butterfly-identification.b-cdn.net/species/nymphalidae/idea_stolli/adult_reference.webp,Public domain,https://commons.wikimedia.org/wiki/File:Seitz9FaunaIndoAustralicaPlate74.JPG,2d4bab22-6f5a-4005-906c-515cd228e1f6
PLATE_SHARED,Lamprolenis nitida,Lamprolenis nitida,Nymphalidae,True,"Seitz9FaunaIndoAustralicaPlate94.jpg — plate page, also used by 4 other species",https://butterfly-identification.b-cdn.net/species/nymphalidae/lamprolenis_nitida/adult_reference.webp,Public domain,https://commons.wikimedia.org/wiki/File:Seitz9FaunaIndoAustralicaPlate94.jpg,c5ea3227-98e1-4ccd-9f01-3b506b017603
PLATE_SHARED,Laringa horsfieldii,Banded Dandy,Nymphalidae,True,"Seitz9FaunaIndoAustralicaPlate107.JPG — plate page, also used by 4 other species",https://butterfly-identification.b-cdn.net/species/nymphalidae/laringa_horsfieldii/adult_reference.webp,Public domain,https://commons.wikimedia.org/wiki/File:Seitz9FaunaIndoAustralicaPlate107.JPG,76fc1e2e-6fbf-4a01-aa0a-af93474cbdf0
PLATE_SHARED,Lasippa tiga,Malayan Lascar,Nymphalidae,True,"Seitz9FaunaIndoAustralicaPlate125.JPG — plate page, also used by 2 other species",https://butterfly-identification.b-cdn.net/species/nymphalidae/lasippa_tiga/adult_reference.webp,Public domain,https://commons.wikimedia.org/wiki/File:Seitz9FaunaIndoAustralicaPlate125.JPG,7545babd-73ee-49a7-993c-b1ba9f9afbce
PLATE_SHARED,Lebadea alankara,Lebadea alankara,Nymphalidae,True,"Seitz9FaunaIndoAustralicaPlate122.JPG — plate page, also used by 4 other species",https://butterfly-identification.b-cdn.net/species/nymphalidae/lebadea_alankara/adult_reference.webp,Public domain,https://commons.wikimedia.org/wiki/File:Seitz9FaunaIndoAustralicaPlate122.JPG,9c10a751-c8b1-47f7-a594-fbc036dc59bb
PLATE_SHARED,Lethe arete,Lethe arete,Nymphalidae,True,"Seitz9FaunaIndoAustralicaPlate96.JPG — plate page, also used by 2 other species",https://butterfly-identification.b-cdn.net/species/nymphalidae/lethe_arete/adult_reference.webp,Public domain,https://commons.wikimedia.org/wiki/File:Seitz9FaunaIndoAustralicaPlate96.JPG,c18f6699-80c2-4acc-9c1f-733b1818da29
PLATE_SHARED,Lethe baladeva,treble silverstripe,Nymphalidae,True,"Seitz9FaunaIndoAustralicaPlate97.JPG — plate page, also used by 4 other species",https://butterfly-identification.b-cdn.net/species/nymphalidae/lethe_baladeva/adult_reference.webp,Public domain,https://commons.wikimedia.org/wiki/File:Seitz9FaunaIndoAustralicaPlate97.JPG,eeada5f6-e111-4616-9c09-8146608e8b57
PLATE_SHARED,Lethe goalpara,Large Goldenfork,Nymphalidae,True,"Seitz9FaunaIndoAustralicaPlate99.JPG — plate page, also used by 5 other species",https://butterfly-identification.b-cdn.net/species/nymphalidae/lethe_goalpara/adult_reference.webp,Public domain,https://commons.wikimedia.org/wiki/File:Seitz9FaunaIndoAustralicaPlate99.JPG,0ac3ae57-94ba-4a66-9101-75258f21adab
PLATE_SHARED,Lethe hyrania,Common Forester,Nymphalidae,True,"Seitz9FaunaIndoAustralicaPlate97.JPG — plate page, also used by 4 other species",https://butterfly-identification.b-cdn.net/species/nymphalidae/lethe_hyrania/adult_reference.webp,Public domain,https://commons.wikimedia.org/wiki/File:Seitz9FaunaIndoAustralicaPlate97.JPG,856f015c-b995-406a-aea4-d51350246b87
PLATE_SHARED,Lethe moelleri,Lethe moelleri,Nymphalidae,True,"Seitz9FaunaIndoAustralicaPlate97.JPG — plate page, also used by 4 other species",https://butterfly-identification.b-cdn.net/species/nymphalidae/lethe_moelleri/adult_reference.webp,Public domain,https://commons.wikimedia.org/wiki/File:Seitz9FaunaIndoAustralicaPlate97.JPG,0144b47b-0efe-4bd0-8ad5-4bbd5d5bd9d7
PLATE_SHARED,Lethe tristigmata,Lethe tristigmata,Nymphalidae,True,"Seitz9FaunaIndoAustralicaPlate97.JPG — plate page, also used by 4 other species",https://butterfly-identification.b-cdn.net/species/nymphalidae/lethe_tristigmata/adult_reference.webp,Public domain,https://commons.wikimedia.org/wiki/File:Seitz9FaunaIndoAustralicaPlate97.JPG,6a9be413-6262-4215-bb4c-cfae1b97f87d
PLATE_SHARED,Lethe visrava,white-edged woodbrown,Nymphalidae,True,"Seitz9FaunaIndoAustralicaPlate97.JPG — plate page, also used by 4 other species",https://butterfly-identification.b-cdn.net/species/nymphalidae/lethe_visrava/adult_reference.webp,Public domain,https://commons.wikimedia.org/wiki/File:Seitz9FaunaIndoAustralicaPlate97.JPG,39ca88e5-9c9f-4dd4-be2d-48fb18dd2a46
PLATE_SHARED,Limenitis chilo,Limenitis chilo,Nymphalidae,True,"Seitz9FaunaIndoAustralicaPlate122.JPG — plate page, also used by 4 other species",https://butterfly-identification.b-cdn.net/species/nymphalidae/limenitis_chilo/adult_reference.webp,Public domain,https://commons.wikimedia.org/wiki/File:Seitz9FaunaIndoAustralicaPlate122.JPG,a6901815-e401-4649-8521-8d39c87158d1
PLATE_SHARED,Limenitis daraxa,Limenitis daraxa,Nymphalidae,True,"Seitz9FaunaIndoAustralicaPlate122.JPG — plate page, also used by 4 other species",https://butterfly-identification.b-cdn.net/species/nymphalidae/limenitis_daraxa/adult_reference.webp,Public domain,https://commons.wikimedia.org/wiki/File:Seitz9FaunaIndoAustralicaPlate122.JPG,44d342c1-4534-406c-bc8a-21e6bf278598
PLATE_SHARED,Limenitis trivena,Indian white admiral,Nymphalidae,True,"Seitz9FaunaIndoAustralicaPlate122.JPG — plate page, also used by 4 other species",https://butterfly-identification.b-cdn.net/species/nymphalidae/limenitis_trivena/adult_reference.webp,Public domain,https://commons.wikimedia.org/wiki/File:Seitz9FaunaIndoAustralicaPlate122.JPG,914b243e-9d7b-4dc4-b6a2-f9b5d0f55c11
PLATE_SHARED,Limenitis zulema,Limenitis zulema,Nymphalidae,True,"Seitz9FaunaIndoAustralicaPlate122.JPG — plate page, also used by 4 other species",https://butterfly-identification.b-cdn.net/species/nymphalidae/limenitis_zulema/adult_reference.webp,Public domain,https://commons.wikimedia.org/wiki/File:Seitz9FaunaIndoAustralicaPlate122.JPG,7cbd7c0a-4c62-4829-b9be-311f09df930b
PLATE_SHARED,Melanitis amabilis,Banded Evening Brown,Nymphalidae,True,"Seitz9FaunaIndoAustralicaPlate95.JPG — plate page, also used by 1 other species",https://butterfly-identification.b-cdn.net/species/nymphalidae/melanitis_amabilis/adult_reference.webp,Public domain,https://commons.wikimedia.org/wiki/File:Seitz9FaunaIndoAustralicaPlate95.JPG,a171439c-b7c9-4463-824f-9448c3f1e154
PLATE_SHARED,Melanitis constantia,Papuan Evening Brown,Nymphalidae,True,"Seitz9FaunaIndoAustralicaPlate95.JPG — plate page, also used by 1 other species",https://butterfly-identification.b-cdn.net/species/nymphalidae/melanitis_constantia/adult_reference.webp,Public domain,https://commons.wikimedia.org/wiki/File:Seitz9FaunaIndoAustralicaPlate95.JPG,a9950706-9170-46d9-b2f1-bd6b0d57f149
PLATE_SHARED,Melanitis velutina,Melanitis velutina,Nymphalidae,True,"Seitz9FaunaIndoAustralicaPlate96.JPG — plate page, also used by 2 other species",https://butterfly-identification.b-cdn.net/species/nymphalidae/melanitis_velutina/adult_reference.webp,Public domain,https://commons.wikimedia.org/wiki/File:Seitz9FaunaIndoAustralicaPlate96.JPG,0d468d72-db6b-4dfe-82a8-3ee15a5a9182
PLATE_SHARED,Mycalesis adolphei,Mycalesis adolphei,Nymphalidae,True,"Seitz9FaunaIndoAustralicaPlate92.JPG — plate page, also used by 7 other species",https://butterfly-identification.b-cdn.net/species/nymphalidae/mycalesis_adolphei/adult_reference.webp,Public domain,https://commons.wikimedia.org/wiki/File:Seitz9FaunaIndoAustralicaPlate92.JPG,eb56cc99-6faf-4a39-826f-68d3559169d5
PLATE_SHARED,Mycalesis mamerta,Mycalesis mamerta,Nymphalidae,True,"Seitz9FaunaIndoAustralicaPlate92.JPG — plate page, also used by 7 other species",https://butterfly-identification.b-cdn.net/species/nymphalidae/mycalesis_mamerta/adult_reference.webp,Public domain,https://commons.wikimedia.org/wiki/File:Seitz9FaunaIndoAustralicaPlate92.JPG,afa6c6ba-5ee2-42d6-b512-7f6984512fe3
PLATE_SHARED,Mycalesis mestra,Mycalesis mestra,Nymphalidae,True,"Seitz9FaunaIndoAustralicaPlate92.JPG — plate page, also used by 7 other species",https://butterfly-identification.b-cdn.net/species/nymphalidae/mycalesis_mestra/adult_reference.webp,Public domain,https://commons.wikimedia.org/wiki/File:Seitz9FaunaIndoAustralicaPlate92.JPG,58118f90-4c4e-4818-959f-a34c91b7accf
PLATE_SHARED,Mycalesis mnasicles,Cyclops Bushbrown,Nymphalidae,True,"Seitz9FaunaIndoAustralicaPlate91.JPG — plate page, also used by 1 other species",https://butterfly-identification.b-cdn.net/species/nymphalidae/mycalesis_mnasicles/adult_reference.webp,Public domain,https://commons.wikimedia.org/wiki/File:Seitz9FaunaIndoAustralicaPlate91.JPG,7a3e0291-27a6-4ee3-a8a5-98bc63055577
PLATE_SHARED,Mycalesis nicotia,Mycalesis nicotia,Nymphalidae,True,"Seitz9FaunaIndoAustralicaPlate92.JPG — plate page, also used by 7 other species",https://butterfly-identification.b-cdn.net/species/nymphalidae/mycalesis_nicotia/adult_reference.webp,Public domain,https://commons.wikimedia.org/wiki/File:Seitz9FaunaIndoAustralicaPlate92.JPG,a005f1aa-6df8-44ea-a8cd-4acd46322b5c
PLATE_SHARED,Mycalesis orseis,Purple Bushbrown,Nymphalidae,True,"Seitz9FaunaIndoAustralicaPlate92.JPG — plate page, also used by 7 other species",https://butterfly-identification.b-cdn.net/species/nymphalidae/mycalesis_orseis/adult_reference.webp,Public domain,https://commons.wikimedia.org/wiki/File:Seitz9FaunaIndoAustralicaPlate92.JPG,fbad64b3-84f7-437a-a499-dec4f8ae79f7
PLATE_SHARED,Mycalesis perseoides,Burmese Bushbrown,Nymphalidae,True,"Seitz9FaunaIndoAustralicaPlate92.JPG — plate page, also used by 7 other species",https://butterfly-identification.b-cdn.net/species/nymphalidae/mycalesis_perseoides/adult_reference.webp,Public domain,https://commons.wikimedia.org/wiki/File:Seitz9FaunaIndoAustralicaPlate92.JPG,141baced-ac7d-41c1-86fc-818852c78a69
PLATE_SHARED,Mycalesis suaveolens,Wood Mason's Bushbrown,Nymphalidae,True,"Seitz9FaunaIndoAustralicaPlate92.JPG — plate page, also used by 7 other species",https://butterfly-identification.b-cdn.net/species/nymphalidae/mycalesis_suaveolens/adult_reference.webp,Public domain,https://commons.wikimedia.org/wiki/File:Seitz9FaunaIndoAustralicaPlate92.JPG,92d14ef7-8333-4b16-b603-8f61f79e29a3
PLATE_SHARED,Neorina crishna,Tailed Yellow Owl,Nymphalidae,True,"Seitz9FaunaIndoAustralicaPlate94.jpg — plate page, also used by 4 other species",https://butterfly-identification.b-cdn.net/species/nymphalidae/neorina_crishna/adult_reference.webp,Public domain,https://commons.wikimedia.org/wiki/File:Seitz9FaunaIndoAustralicaPlate94.jpg,38485515-8c24-4370-9f65-b7cf88aa6784
PLATE_SHARED,Neorina hilda,Yellow Owl,Nymphalidae,True,"Seitz9FaunaIndoAustralicaPlate94.jpg — plate page, also used by 4 other species",https://butterfly-identification.b-cdn.net/species/nymphalidae/neorina_hilda/adult_reference.webp,Public domain,https://commons.wikimedia.org/wiki/File:Seitz9FaunaIndoAustralicaPlate94.jpg,8c198be7-5417-4767-adc8-886a12c803e8
PLATE_SHARED,Neorina patria,White Owl,Nymphalidae,True,"Seitz9FaunaIndoAustralicaPlate94.jpg — plate page, also used by 4 other species",https://butterfly-identification.b-cdn.net/species/nymphalidae/neorina_patria/adult_reference.webp,Public domain,https://commons.wikimedia.org/wiki/File:Seitz9FaunaIndoAustralicaPlate94.jpg,c66e4373-c521-4999-af17-9d8a13abc69b
PLATE_SHARED,Neptis ida,Neptis ida,Nymphalidae,True,"Seitz9FaunaIndoAustralicaPlate126.JPG — plate page, also used by 4 other species",https://butterfly-identification.b-cdn.net/species/nymphalidae/neptis_ida/adult_reference.webp,Public domain,https://commons.wikimedia.org/wiki/File:Seitz9FaunaIndoAustralicaPlate126.JPG,7f435086-4a1c-4184-86fa-57fb65b7cb03
PLATE_SHARED,Neptis ilira,Dark Dingy Sailor,Nymphalidae,True,"Seitz9FaunaIndoAustralicaPlate125.JPG — plate page, also used by 2 other species",https://butterfly-identification.b-cdn.net/species/nymphalidae/neptis_ilira/adult_reference.webp,Public domain,https://commons.wikimedia.org/wiki/File:Seitz9FaunaIndoAustralicaPlate125.JPG,c2615adb-7343-488d-a9ed-9cbce19a0200
PLATE_SHARED,Neptis mindorana,Neptis mindorana,Nymphalidae,True,"Seitz9FaunaIndoAustralicaPlate126.JPG — plate page, also used by 4 other species",https://butterfly-identification.b-cdn.net/species/nymphalidae/neptis_mindorana/adult_reference.webp,Public domain,https://commons.wikimedia.org/wiki/File:Seitz9FaunaIndoAustralicaPlate126.JPG,ec805a3e-42b6-4d46-803a-550d738f6695
PLATE_SHARED,Neptis namba,Indian Yellow Sailer,Nymphalidae,True,"Seitz9FaunaIndoAustralicaPlate126.JPG — plate page, also used by 4 other species",https://butterfly-identification.b-cdn.net/species/nymphalidae/neptis_namba/adult_reference.webp,Public domain,https://commons.wikimedia.org/wiki/File:Seitz9FaunaIndoAustralicaPlate126.JPG,629e63fb-b928-4fd2-aceb-7455ef6e3e9b
PLATE_SHARED,Neptis nandina,Neptis nandina,Nymphalidae,True,"Seitz9FaunaIndoAustralicaPlate126.JPG — plate page, also used by 4 other species",https://butterfly-identification.b-cdn.net/species/nymphalidae/neptis_nandina/adult_reference.webp,Public domain,https://commons.wikimedia.org/wiki/File:Seitz9FaunaIndoAustralicaPlate126.JPG,79aeb0dc-5de0-4146-92b3-83c45ef4b2c6
PLATE_SHARED,Neptis vikasi,dingy sailer,Nymphalidae,True,"Seitz9FaunaIndoAustralicaPlate125.JPG — plate page, also used by 2 other species",https://butterfly-identification.b-cdn.net/species/nymphalidae/neptis_vikasi/adult_reference.webp,Public domain,https://commons.wikimedia.org/wiki/File:Seitz9FaunaIndoAustralicaPlate125.JPG,3ec0c835-f6fb-45d2-b0d4-91c05769a679
PLATE_SHARED,Pantoporia cama,Pantoporia cama,Nymphalidae,True,"Seitz9FaunaIndoAustralicaPlate124.JPG — plate page, also used by 2 other species",https://butterfly-identification.b-cdn.net/species/nymphalidae/pantoporia_cama/adult_reference.webp,Public domain,https://commons.wikimedia.org/wiki/File:Seitz9FaunaIndoAustralicaPlate124.JPG,f8916796-e41e-4fc2-a6b7-9c4ef68fa44b
PLATE_SHARED,Pantoporia larymna,Pantoporia larymna,Nymphalidae,True,"Seitz9FaunaIndoAustralicaPlate124.JPG — plate page, also used by 2 other species",https://butterfly-identification.b-cdn.net/species/nymphalidae/pantoporia_larymna/adult_reference.webp,Public domain,https://commons.wikimedia.org/wiki/File:Seitz9FaunaIndoAustralicaPlate124.JPG,ef042fb7-663c-43ce-9ca6-b4d85ab828bd
PLATE_SHARED,Pantoporia nefte,Pantoporia nefte,Nymphalidae,True,"Seitz9FaunaIndoAustralicaPlate124.JPG — plate page, also used by 2 other species",https://butterfly-identification.b-cdn.net/species/nymphalidae/pantoporia_nefte/adult_reference.webp,Public domain,https://commons.wikimedia.org/wiki/File:Seitz9FaunaIndoAustralicaPlate124.JPG,ab04e12a-8d16-42b9-9f7f-720f989bda7f
PLATE_SHARED,Pantoporia venilia,Black-eyed Plane,Nymphalidae,True,"Seitz9FaunaIndoAustralicaPlate126.JPG — plate page, also used by 4 other species",https://butterfly-identification.b-cdn.net/species/nymphalidae/pantoporia_venilia/adult_reference.webp,Public domain,https://commons.wikimedia.org/wiki/File:Seitz9FaunaIndoAustralicaPlate126.JPG,f4567491-3fb7-482c-87d3-f3ff1d53393e
PLATE_SHARED,Polyura delphis,Jewelled Nawab,Nymphalidae,True,"Seitz9FaunaIndoAustralicaPlate134.JPG — plate page, also used by 1 other species",https://butterfly-identification.b-cdn.net/species/nymphalidae/polyura_delphis/adult_reference.webp,Public domain,https://commons.wikimedia.org/wiki/File:Seitz9FaunaIndoAustralicaPlate134.JPG,f13ca3d9-bdac-4250-8431-38c501642655
PLATE_SHARED,Polyura jalysus,Indian Yellow Nawab,Nymphalidae,True,"Seitz9FaudoAustralicanaInPlate137.JPG — plate page, also used by 1 other species",https://butterfly-identification.b-cdn.net/species/nymphalidae/polyura_jalysus/adult_reference.webp,Public domain,https://commons.wikimedia.org/wiki/File:Seitz9FaudoAustralicanaInPlate137.JPG,785b42b4-a512-4b58-9411-d47634c9c6a7
PLATE_SHARED,Polyura moori,Malayan Nawab,Nymphalidae,True,"Seitz9FaunaIndoAustralicaPlate134.JPG — plate page, also used by 1 other species",https://butterfly-identification.b-cdn.net/species/nymphalidae/polyura_moori/adult_reference.webp,Public domain,https://commons.wikimedia.org/wiki/File:Seitz9FaunaIndoAustralicaPlate134.JPG,9ed98a21-43fb-414b-80a1-1d792f4005d3
PLATE_SHARED,Satyrus brahminus,Satyrus brahminus,Nymphalidae,True,"The_Macrolepidoptera_of_the_world_%28Taf._41%29_%288145251989%29.jpg — plate page, also used by 4 other species",https://butterfly-identification.b-cdn.net/species/nymphalidae/satyrus_brahminus/adult_reference.webp,Public domain,https://commons.wikimedia.org/wiki/File:The_Macrolepidoptera_of_the_world_(Taf._41)_(8145251989).jpg,b855d17e-a9be-4298-816b-bc56ac78333d
PLATE_SHARED,Satyrus loha,Satyrus loha,Nymphalidae,True,"The_Macrolepidoptera_of_the_world_%28Taf._41%29_%288145251989%29.jpg — plate page, also used by 4 other species",https://butterfly-identification.b-cdn.net/species/nymphalidae/satyrus_loha/adult_reference.webp,Public domain,https://commons.wikimedia.org/wiki/File:The_Macrolepidoptera_of_the_world_(Taf._41)_(8145251989).jpg,2ed945ce-8701-4baa-ba03-80a3d0ad7c01
PLATE_SHARED,Satyrus saraswati,Satyrus saraswati,Nymphalidae,True,"The_Macrolepidoptera_of_the_world_%28Taf._41%29_%288145251989%29.jpg — plate page, also used by 4 other species",https://butterfly-identification.b-cdn.net/species/nymphalidae/satyrus_saraswati/adult_reference.webp,Public domain,https://commons.wikimedia.org/wiki/File:The_Macrolepidoptera_of_the_world_(Taf._41)_(8145251989).jpg,cb31d9ab-0d7c-4c9f-ba2e-47ee8f25290c
PLATE_SHARED,Satyrus swaha,Satyrus swaha,Nymphalidae,True,"The_Macrolepidoptera_of_the_world_%28Taf._41%29_%288145251989%29.jpg — plate page, also used by 4 other species",https://butterfly-identification.b-cdn.net/species/nymphalidae/satyrus_swaha/adult_reference.webp,Public domain,https://commons.wikimedia.org/wiki/File:The_Macrolepidoptera_of_the_world_(Taf._41)_(8145251989).jpg,facd024b-4ab2-43d1-9c3c-cb7aa06d4871
PLATE_SHARED,Symbrenthia brabira,Yellow Jester,Nymphalidae,True,"Seitz9FaunaIndoAustralicaPlate121.JPG — plate page, also used by 2 other species",https://butterfly-identification.b-cdn.net/species/nymphalidae/symbrenthia_brabira/adult_reference.webp,Public domain,https://commons.wikimedia.org/wiki/File:Seitz9FaunaIndoAustralicaPlate121.JPG,cb821699-31fa-45f9-b2a0-31e854d5f76e
PLATE_SHARED,Taenaris honrathi,Taenaris honrathi,Nymphalidae,True,"Seitz9FaunaIndoAustralicaPlate100.JPG — plate page, also used by 1 other species",https://butterfly-identification.b-cdn.net/species/nymphalidae/taenaris_honrathi/adult_reference.webp,Public domain,https://commons.wikimedia.org/wiki/File:Seitz9FaunaIndoAustralicaPlate100.JPG,c0c8e52a-557a-4988-8f75-2d8d02daa095
PLATE_SHARED,Telinga adolphei,Red-eye Bushbrown,Nymphalidae,True,"Seitz9FaunaIndoAustralicaPlate92.JPG — plate page, also used by 7 other species",https://butterfly-identification.b-cdn.net/species/nymphalidae/telinga_adolphei/adult_reference.webp,Public domain,https://commons.wikimedia.org/wiki/File:Seitz9FaunaIndoAustralicaPlate92.JPG,b37bd046-2826-485f-bc6f-f76c4d5d7420
PLATE_SHARED,Telinga inopia,Telinga inopia,Nymphalidae,True,"Seitz9FaunaIndoAustralicaPlate91.JPG — plate page, also used by 1 other species",https://butterfly-identification.b-cdn.net/species/nymphalidae/telinga_inopia/adult_reference.webp,Public domain,https://commons.wikimedia.org/wiki/File:Seitz9FaunaIndoAustralicaPlate91.JPG,a84661d7-87b1-4746-911d-1c0f0009ed6e
PLATE_SHARED,Terinos atlita,Large Assyrian,Nymphalidae,True,"Seitz9FaunaIndoAustralicaPlate108.JPG — plate page, also used by 1 other species",https://butterfly-identification.b-cdn.net/species/nymphalidae/terinos_atlita/adult_reference.webp,Public domain,https://commons.wikimedia.org/wiki/File:Seitz9FaunaIndoAustralicaPlate108.JPG,53877e14-5fe2-45df-b1cb-9e1d710f4c1c
PLATE_SHARED,Vanessa caschmirensis,Vanessa caschmirensis,Nymphalidae,True,"Seitz9FaunaIndoAustralicaPlate117.JPG — plate page, also used by 1 other species",https://butterfly-identification.b-cdn.net/species/nymphalidae/vanessa_caschmirensis/adult_reference.webp,Public domain,https://commons.wikimedia.org/wiki/File:Seitz9FaunaIndoAustralicaPlate117.JPG,ff9bcb76-49de-47e4-9b52-8408e15bce76
PLATE_SHARED,Ypthima chenu,Nilgiri Four-ring,Nymphalidae,True,"Seitz9FaunaIndoAustralicaPlate99.JPG — plate page, also used by 5 other species",https://butterfly-identification.b-cdn.net/species/nymphalidae/ypthima_chenu/adult_reference.webp,Public domain,https://commons.wikimedia.org/wiki/File:Seitz9FaunaIndoAustralicaPlate99.JPG,7a865cdc-6ef8-4bb3-a9df-ee957e558775
PLATE_SHARED,Ypthima dohertyi,Great Five-Ring,Nymphalidae,True,"Seitz9FaunaIndoAustralicaPlate93.jpg — plate page, also used by 1 other species",https://butterfly-identification.b-cdn.net/species/nymphalidae/ypthima_dohertyi/adult_reference.webp,Public domain,https://commons.wikimedia.org/wiki/File:Seitz9FaunaIndoAustralicaPlate93.jpg,df1e5ecb-d5f2-49ca-9968-ee9e278582b7
PLATE_SHARED,Ypthima lisandra,Straight Five-ring,Nymphalidae,True,"Seitz9FaunaIndoAustralicaPlate99.JPG — plate page, also used by 5 other species",https://butterfly-identification.b-cdn.net/species/nymphalidae/ypthima_lisandra/adult_reference.webp,Public domain,https://commons.wikimedia.org/wiki/File:Seitz9FaunaIndoAustralicaPlate99.JPG,1240db14-3fa3-4ccc-8d66-bf34eb70f190
PLATE_SHARED,Ypthima methora,Ypthima methora,Nymphalidae,True,"Seitz9FaunaIndoAustralicaPlate99.JPG — plate page, also used by 5 other species",https://butterfly-identification.b-cdn.net/species/nymphalidae/ypthima_methora/adult_reference.webp,Public domain,https://commons.wikimedia.org/wiki/File:Seitz9FaunaIndoAustralicaPlate99.JPG,db41c7ec-406a-413d-b802-813b42e5a818
PLATE_SHARED,Ypthima pandocus,Ypthima pandocus,Nymphalidae,True,"Seitz9FaunaIndoAustralicaPlate99.JPG — plate page, also used by 5 other species",https://butterfly-identification.b-cdn.net/species/nymphalidae/ypthima_pandocus/adult_reference.webp,Public domain,https://commons.wikimedia.org/wiki/File:Seitz9FaunaIndoAustralicaPlate99.JPG,1b4683eb-485f-4fe0-8b32-1eeb2f335d95
PLATE_SHARED,Ypthima philomela,Baby Fourring,Nymphalidae,True,"Seitz9FaunaIndoAustralicaPlate99.JPG — plate page, also used by 5 other species",https://butterfly-identification.b-cdn.net/species/nymphalidae/ypthima_philomela/adult_reference.webp,Public domain,https://commons.wikimedia.org/wiki/File:Seitz9FaunaIndoAustralicaPlate99.JPG,498072da-fdee-4148-afb7-bef7ed941e20
PLATE_SHARED,Atrophaneura aidoneus,Lesser Batwing,Papilionidae,True,"Seitz9FaunaIndoAustralicaPlate17.jpg — plate page, also used by 1 other species",https://butterfly-identification.b-cdn.net/species/papilionidae/atrophaneura_aidoneus/adult_reference.webp,Public domain,https://commons.wikimedia.org/wiki/File:Seitz9FaunaIndoAustralicaPlate17.jpg,e507b798-0a52-4485-8ee3-113ae6dddd75
PLATE_SHARED,Atrophaneura priapus,Priapus Batwing,Papilionidae,True,"Seitz9FaunaIndoAustralicaPlate17.jpg — plate page, also used by 1 other species",https://butterfly-identification.b-cdn.net/species/papilionidae/atrophaneura_priapus/adult_reference.webp,Public domain,https://commons.wikimedia.org/wiki/File:Seitz9FaunaIndoAustralicaPlate17.jpg,4582559f-9d0a-449d-af93-358ec236d050
PLATE_SHARED,Atrophaneura zaleucus,Atrophaneura zaleucus,Papilionidae,True,"Macrolepidoptera01seitz_0013.jpg — plate page, also used by 1 other species",https://butterfly-identification.b-cdn.net/species/papilionidae/atrophaneura_zaleucus/adult_reference.webp,Public domain,https://commons.wikimedia.org/wiki/File:Macrolepidoptera01seitz_0013.jpg,f74ff1cb-97a1-4120-9484-5291fdd05cb8
PLATE_SHARED,Graphium evemon,Blue Jay Butterfly,Papilionidae,True,"Seitz9FaunaIndoAustralicaPlate44.jpg — plate page, also used by 1 other species",https://butterfly-identification.b-cdn.net/species/papilionidae/graphium_evemon/adult_reference.webp,Public domain,https://commons.wikimedia.org/wiki/File:Seitz9FaunaIndoAustralicaPlate44.jpg,f7981a2c-fac6-46b6-8842-42748524023f
PLATE_SHARED,Graphium meyeri,Meyer's Jay,Papilionidae,True,"Seitz9FaunaIndoAustralicaPlate44.jpg — plate page, also used by 1 other species",https://butterfly-identification.b-cdn.net/species/papilionidae/graphium_meyeri/adult_reference.webp,Public domain,https://commons.wikimedia.org/wiki/File:Seitz9FaunaIndoAustralicaPlate44.jpg,91e88996-f860-40c1-a3b2-1e95e62992e0
PLATE_SHARED,Losaria neptunus,Yellow Club-tail,Papilionidae,True,"Seitz9FaunaIndoAustralicaPlate16.jpg — plate page, also used by 1 other species",https://butterfly-identification.b-cdn.net/species/papilionidae/losaria_neptunus/adult_reference.webp,Public domain,https://commons.wikimedia.org/wiki/File:Seitz9FaunaIndoAustralicaPlate16.jpg,72914de5-e6ce-4f1d-9371-7b0eefd449a3
PLATE_SHARED,Losaria rhodifer,Andaman Clubtail,Papilionidae,True,"Seitz9FaunaIndoAustralicaPlate16.jpg — plate page, also used by 1 other species",https://butterfly-identification.b-cdn.net/species/papilionidae/losaria_rhodifer/adult_reference.webp,Public domain,https://commons.wikimedia.org/wiki/File:Seitz9FaunaIndoAustralicaPlate16.jpg,6cac6406-a23e-4288-b202-b6de1d678e78
PLATE_SHARED,Papilio diophantus,Papilio diophantus,Papilionidae,True,"Seitz9FaunaIndoAustralicaPlate22.jpg — plate page, also used by 1 other species",https://butterfly-identification.b-cdn.net/species/papilionidae/papilio_diophantus/adult_reference.webp,Public domain,https://commons.wikimedia.org/wiki/File:Seitz9FaunaIndoAustralicaPlate22.jpg,36691024-5e1e-46e8-acb5-78b1ffec67f8
PLATE_SHARED,Papilio janaka,Himalayan Tailed Redbreast,Papilionidae,True,"Macrolepidoptera01seitz_0013.jpg — plate page, also used by 1 other species",https://butterfly-identification.b-cdn.net/species/papilionidae/papilio_janaka/adult_reference.webp,Public domain,https://commons.wikimedia.org/wiki/File:Macrolepidoptera01seitz_0013.jpg,30fe1e6f-6293-4db5-8055-ba364ede4d8a
PLATE_SHARED,Papilio prexaspes,Papilio prexaspes,Papilionidae,True,"Seitz9FaunaIndoAustralicaPlate22.jpg — plate page, also used by 1 other species",https://butterfly-identification.b-cdn.net/species/papilionidae/papilio_prexaspes/adult_reference.webp,Public domain,https://commons.wikimedia.org/wiki/File:Seitz9FaunaIndoAustralicaPlate22.jpg,f2d9d0d6-876d-4838-9e23-0ebb16e4d6c8
PLATE_SHARED,Parnassius acco,Varnished Apollo,Papilionidae,True,"Macrolepidoptera01seitz_0039.jpg — plate page, also used by 4 other species",https://butterfly-identification.b-cdn.net/species/papilionidae/parnassius_acco/adult_reference.webp,Public domain,https://commons.wikimedia.org/wiki/File:Macrolepidoptera01seitz_0039.jpg,7ff2df0f-21a2-4aa0-9423-71357b250cdc
PLATE_SHARED,Parnassius acdestis,Dusky Apollo,Papilionidae,True,"Macrolepidoptera01seitz_0039.jpg — plate page, also used by 4 other species",https://butterfly-identification.b-cdn.net/species/papilionidae/parnassius_acdestis/adult_reference.webp,Public domain,https://commons.wikimedia.org/wiki/File:Macrolepidoptera01seitz_0039.jpg,4ebb6a33-4a9b-400a-9fc2-773183265baa
PLATE_SHARED,Parnassius cardinal,Cardinal Apollo,Papilionidae,True,"Macrolepidoptera01seitz_0037.jpg — plate page, also used by 4 other species",https://butterfly-identification.b-cdn.net/species/papilionidae/parnassius_cardinal/adult_reference.webp,Public domain,https://commons.wikimedia.org/wiki/File:Macrolepidoptera01seitz_0037.jpg,d8508511-a1fe-4779-89e6-8a0b32fc1bf2
PLATE_SHARED,Parnassius delphius,Banded Apollo,Papilionidae,True,"Macrolepidoptera01seitz_0037.jpg — plate page, also used by 4 other species",https://butterfly-identification.b-cdn.net/species/papilionidae/parnassius_delphius/adult_reference.webp,Public domain,https://commons.wikimedia.org/wiki/File:Macrolepidoptera01seitz_0037.jpg,1bf1747e-9d8f-4963-abb6-04774f3aa725
PLATE_SHARED,Parnassius epaphus,Common Red Apollo,Papilionidae,True,"Macrolepidoptera01seitz_0037.jpg — plate page, also used by 4 other species",https://butterfly-identification.b-cdn.net/species/papilionidae/parnassius_epaphus/adult_reference.webp,Public domain,https://commons.wikimedia.org/wiki/File:Macrolepidoptera01seitz_0037.jpg,7bc27f60-8024-4876-9f7f-7379438446d3
PLATE_SHARED,Parnassius jacquemontii,Keeled Apollo,Papilionidae,True,"Macrolepidoptera01seitz_0037.jpg — plate page, also used by 4 other species",https://butterfly-identification.b-cdn.net/species/papilionidae/parnassius_jacquemontii/adult_reference.webp,Public domain,https://commons.wikimedia.org/wiki/File:Macrolepidoptera01seitz_0037.jpg,75bba2d7-675a-4c0d-af71-6c49361d6fa1
PLATE_SHARED,Parnassius simo,Black-edged Apollo,Papilionidae,True,"Macrolepidoptera01seitz_0039.jpg — plate page, also used by 4 other species",https://butterfly-identification.b-cdn.net/species/papilionidae/parnassius_simo/adult_reference.webp,Public domain,https://commons.wikimedia.org/wiki/File:Macrolepidoptera01seitz_0039.jpg,04f0a9f6-2a11-4463-9e10-1da5ce045ab5
PLATE_SHARED,Parnassius staudingeri,Parnassius staudingeri,Papilionidae,True,"Macrolepidoptera01seitz_0037.jpg — plate page, also used by 4 other species",https://butterfly-identification.b-cdn.net/species/papilionidae/parnassius_staudingeri/adult_reference.webp,Public domain,https://commons.wikimedia.org/wiki/File:Macrolepidoptera01seitz_0037.jpg,fd72a207-b60e-4817-bad7-eb9cf0a3b8d6
PLATE_SHARED,Parnassius stenosemus,Greater Banded Apollo,Papilionidae,True,"Macrolepidoptera01seitz_0039.jpg — plate page, also used by 4 other species",https://butterfly-identification.b-cdn.net/species/papilionidae/parnassius_stenosemus/adult_reference.webp,Public domain,https://commons.wikimedia.org/wiki/File:Macrolepidoptera01seitz_0039.jpg,0814afba-0953-499e-8e95-1c008e8c8443
PLATE_SHARED,Parnassius stoliczkanus,Lesser Banded Appollo,Papilionidae,True,"Macrolepidoptera01seitz_0039.jpg — plate page, also used by 4 other species",https://butterfly-identification.b-cdn.net/species/papilionidae/parnassius_stoliczkanus/adult_reference.webp,Public domain,https://commons.wikimedia.org/wiki/File:Macrolepidoptera01seitz_0039.jpg,2fd6cb93-49f1-4187-923e-29cb03242936
PLATE_SHARED,Catopsilia gorgophone,Yellow Migrant,Pieridae,True,"Seitz9FaunaIndoAustralicaPlate68.jpg — plate page, also used by 1 other species",https://butterfly-identification.b-cdn.net/species/pieridae/catopsilia_gorgophone/adult_reference.webp,Public domain,https://commons.wikimedia.org/wiki/File:Seitz9FaunaIndoAustralicaPlate68.jpg,4cf50a9a-0816-4238-9606-0153ffbaf81f
PLATE_SHARED,Catopsilia scylla,Orange Emigrant,Pieridae,True,"Seitz9FaunaIndoAustralicaPlate68.jpg — plate page, also used by 1 other species",https://butterfly-identification.b-cdn.net/species/pieridae/catopsilia_scylla/adult_reference.webp,Public domain,https://commons.wikimedia.org/wiki/File:Seitz9FaunaIndoAustralicaPlate68.jpg,cd24f307-68a5-43a0-9f89-0d03b1031886
PLATE_SHARED,Colias cocandica,Colias cocandica,Pieridae,True,"Macrolepidoptera01seitz_0057.jpg — plate page, also used by 1 other species",https://butterfly-identification.b-cdn.net/species/pieridae/colias_cocandica/adult_reference.webp,Public domain,https://commons.wikimedia.org/wiki/File:Macrolepidoptera01seitz_0057.jpg,a7f641f9-8fef-4227-84af-9b8dd905ad5c
PLATE_SHARED,Colias sifanica,Colias sifanica,Pieridae,True,"Macrolepidoptera01seitz_0057.jpg — plate page, also used by 1 other species",https://butterfly-identification.b-cdn.net/species/pieridae/colias_sifanica/adult_reference.webp,Public domain,https://commons.wikimedia.org/wiki/File:Macrolepidoptera01seitz_0057.jpg,daa7efe2-bbd5-4a21-9c13-944c10465646
PLATE_SHARED,Colias stoliczkana,Orange Clouded Yellow,Pieridae,True,"Seitz9FaunaIndoAustralicaPlate72.JPG — plate page, also used by 3 other species",https://butterfly-identification.b-cdn.net/species/pieridae/colias_stoliczkana/adult_reference.webp,Public domain,https://commons.wikimedia.org/wiki/File:Seitz9FaunaIndoAustralicaPlate72.JPG,1f378daf-10bc-4cf2-b249-f1f9a8662f4d
PLATE_SHARED,Colias thrasibulus,Colias thrasibulus,Pieridae,True,"Seitz9FaunaIndoAustralicaPlate72.JPG — plate page, also used by 3 other species",https://butterfly-identification.b-cdn.net/species/pieridae/colias_thrasibulus/adult_reference.webp,Public domain,https://commons.wikimedia.org/wiki/File:Seitz9FaunaIndoAustralicaPlate72.JPG,0d65560c-edf1-470b-97da-0a05f41826ca
PLATE_SHARED,Colotis vestalis,White Arab,Pieridae,True,"Seitz9FaunaIndoAustralicaPlate73.jpg — plate page, also used by 2 other species",https://butterfly-identification.b-cdn.net/species/pieridae/colotis_vestalis/adult_reference.webp,Public domain,https://commons.wikimedia.org/wiki/File:Seitz9FaunaIndoAustralicaPlate73.jpg,209947fd-3239-4afe-bcc4-16d64b7c9ec3
PLATE_SHARED,Dercas gobrias,Angled Sulfur,Pieridae,True,"Seitz9FaunaIndoAustralicaPlate67.JPG — plate page, also used by 3 other species",https://butterfly-identification.b-cdn.net/species/pieridae/dercas_gobrias/adult_reference.webp,Public domain,https://commons.wikimedia.org/wiki/File:Seitz9FaunaIndoAustralicaPlate67.JPG,4c62224d-a959-4d0b-a551-fa5190789bb5
PLATE_SHARED,Dercas lycorias,Plain Sulphur,Pieridae,True,"Seitz9FaunaIndoAustralicaPlate67.JPG — plate page, also used by 3 other species",https://butterfly-identification.b-cdn.net/species/pieridae/dercas_lycorias/adult_reference.webp,Public domain,https://commons.wikimedia.org/wiki/File:Seitz9FaunaIndoAustralicaPlate67.JPG,a63a8d00-fd8b-47fc-89dc-ff66f45f12e5
PLATE_SHARED,Eurema sari,Chocolate Grass Yellow,Pieridae,True,"Seitz9FaunaIndoAustralicaPlate73.jpg — plate page, also used by 2 other species",https://butterfly-identification.b-cdn.net/species/pieridae/eurema_sari/adult_reference.webp,Public domain,https://commons.wikimedia.org/wiki/File:Seitz9FaunaIndoAustralicaPlate73.jpg,5b1cd807-1594-4000-9235-32d5ca27e679
PLATE_SHARED,Gonepteryx mahaguru,Lesser Brimstone,Pieridae,True,"Seitz9FaunaIndoAustralicaPlate73.jpg — plate page, also used by 2 other species",https://butterfly-identification.b-cdn.net/species/pieridae/gonepteryx_mahaguru/adult_reference.webp,Public domain,https://commons.wikimedia.org/wiki/File:Seitz9FaunaIndoAustralicaPlate73.jpg,2dcb9200-a640-45c2-984f-77465b645d35
PLATE_SHARED,Ixias flavipennis,Ixias flavipennis,Pieridae,True,"Seitz9FaunaIndoAustralicaPlate72.JPG — plate page, also used by 3 other species",https://butterfly-identification.b-cdn.net/species/pieridae/ixias_flavipennis/adult_reference.webp,Public domain,https://commons.wikimedia.org/wiki/File:Seitz9FaunaIndoAustralicaPlate72.JPG,46bf6f94-c616-4cf1-99e3-bf14052067b4
PLATE_SHARED,Ixias malumsinicum,Ixias malumsinicum,Pieridae,True,"Seitz9FaunaIndoAustralicaPlate72.JPG — plate page, also used by 3 other species",https://butterfly-identification.b-cdn.net/species/pieridae/ixias_malumsinicum/adult_reference.webp,Public domain,https://commons.wikimedia.org/wiki/File:Seitz9FaunaIndoAustralicaPlate72.JPG,02cdbd89-db35-4e61-a7c7-2062800e0f2c
PLATE_SHARED,Pareronia argolis,Pareronia argolis,Pieridae,True,"Seitz9FaunaIndoAustralicaPlate67.JPG — plate page, also used by 3 other species",https://butterfly-identification.b-cdn.net/species/pieridae/pareronia_argolis/adult_reference.webp,Public domain,https://commons.wikimedia.org/wiki/File:Seitz9FaunaIndoAustralicaPlate67.JPG,d9522dcf-9bb0-4bbc-9de1-a6a822038216
PLATE_SHARED,Pareronia boebera,Philippine Wanderer,Pieridae,True,"Seitz9FaunaIndoAustralicaPlate66.JPG — plate page, also used by 1 other species",https://butterfly-identification.b-cdn.net/species/pieridae/pareronia_boebera/adult_reference.webp,Public domain,https://commons.wikimedia.org/wiki/File:Seitz9FaunaIndoAustralicaPlate66.JPG,c6bcf0b1-bf84-45a8-8a4f-83d3fe44ee60
PLATE_SHARED,Pareronia ceylanica,Dark Wanderer,Pieridae,True,"Seitz9FaunaIndoAustralicaPlate66.JPG — plate page, also used by 1 other species",https://butterfly-identification.b-cdn.net/species/pieridae/pareronia_ceylanica/adult_reference.webp,Public domain,https://commons.wikimedia.org/wiki/File:Seitz9FaunaIndoAustralicaPlate66.JPG,f3e2e719-a1d1-4945-acd1-e2da9401822d
PLATE_SHARED,Pareronia tritaea,Sulawesi Wanderer,Pieridae,True,"Seitz9FaunaIndoAustralicaPlate67.JPG — plate page, also used by 3 other species",https://butterfly-identification.b-cdn.net/species/pieridae/pareronia_tritaea/adult_reference.webp,Public domain,https://commons.wikimedia.org/wiki/File:Seitz9FaunaIndoAustralicaPlate67.JPG,2c4cf84e-cd41-43f1-bb7e-257cd1385e65
SHARED,Bibasis oedipodea,Bibasis oedipodea,Hesperiidae,True,Close_wing_position_of_Burara_oedipodea_Swainson%2C_1820_%E2%80%93_Branded_Orange_Awlet.jpg — identical file on 1 other species,https://butterfly-identification.b-cdn.net/species/hesperiidae/bibasis_oedipodea/adult_reference.webp,CC BY 4.0,"https://commons.wikimedia.org/wiki/File:Close_wing_position_of_Burara_oedipodea_Swainson,_1820_%E2%80%93_Branded_Orange_Awlet.jpg",79fc34be-107a-4b25-990e-abe45ccac19c
SHARED,Burara oedipodea,Branded Orange Awlet,Hesperiidae,True,Close_wing_position_of_Burara_oedipodea_Swainson%2C_1820_%E2%80%93_Branded_Orange_Awlet.jpg — identical file on 1 other species,https://butterfly-identification.b-cdn.net/species/hesperiidae/burara_oedipodea/adult_reference.webp,CC BY 4.0,"https://commons.wikimedia.org/wiki/File:Close_wing_position_of_Burara_oedipodea_Swainson,_1820_%E2%80%93_Branded_Orange_Awlet.jpg",1e37a919-5077-4623-a3aa-bb88f48c5cf4
SHARED,Calliana pieridoides,Calliana pieridoides,Hesperiidae,True,CallianaPieridoides_754_3.jpg — identical file on 1 other species,https://butterfly-identification.b-cdn.net/species/hesperiidae/calliana_pieridoides/adult_reference.webp,Public domain,https://commons.wikimedia.org/wiki/File:CallianaPieridoides_754_3.jpg,ac27e83b-9a4d-4105-b3d3-cd9f6d6e62d3
SHARED,Capila pieridoides,White Dawnfly,Hesperiidae,True,CallianaPieridoides_754_3.jpg — identical file on 1 other species,https://butterfly-identification.b-cdn.net/species/hesperiidae/capila_pieridoides/adult_reference.webp,Public domain,https://commons.wikimedia.org/wiki/File:CallianaPieridoides_754_3.jpg,0b78428b-79f0-4994-a623-6b7ea3d98aed
SHARED,Celaenorrhinus asmara,White Banded Flat,Hesperiidae,True,Butterflies_from_China%2C_Japan%2C_and_Corea_%2819142276520%29.jpg — identical file on 1 other species,https://butterfly-identification.b-cdn.net/species/hesperiidae/celaenorrhinus_asmara/adult_reference.webp,Public domain,"https://commons.wikimedia.org/wiki/File:Butterflies_from_China,_Japan,_and_Corea_(19142276520).jpg",370ef1cc-06e5-433d-930f-21e55cc07b7f
SHARED,Celaenorrhinus aspersa,Large Streaked Flat,Hesperiidae,True,Butterflies_from_China%2C_Japan%2C_and_Corea_%2819142279930%29.jpg — identical file on 1 other species,https://butterfly-identification.b-cdn.net/species/hesperiidae/celaenorrhinus_aspersa/adult_reference.webp,Public domain,"https://commons.wikimedia.org/wiki/File:Butterflies_from_China,_Japan,_and_Corea_(19142279930).jpg",2223d205-00c5-48c3-8fae-f7a6f90e571e
SHARED,Celaenorrhinus plagifera,De Nicéville’s Spotted Flat,Hesperiidae,True,Journal_of_the_Bombay_Natural_History_Society_Vol_4_Plate_B.jpg — identical file on 1 other species,https://butterfly-identification.b-cdn.net/species/hesperiidae/celaenorrhinus_plagifera/adult_reference.webp,Public domain,https://commons.wikimedia.org/wiki/File:Journal_of_the_Bombay_Natural_History_Society_Vol_4_Plate_B.jpg,68fea1db-a08c-4d0b-9918-daeb71939959
SHARED,Celaenorrhinus pyrrha,Double-spotted Flat,Hesperiidae,True,Journal_of_the_Bombay_Natural_History_Society_Vol_4_Plate_B.jpg — identical file on 1 other species,https://butterfly-identification.b-cdn.net/species/hesperiidae/celaenorrhinus_pyrrha/adult_reference.webp,Public domain,https://commons.wikimedia.org/wiki/File:Journal_of_the_Bombay_Natural_History_Society_Vol_4_Plate_B.jpg,f76d9bda-2e5f-425d-b7aa-74ce2a9dbdb7
SHARED,Celaenorrhinus sumitra,Moore's Spotted Flat,Hesperiidae,True,Butterflies_from_China%2C_Japan%2C_and_Corea_%2819142279930%29.jpg — identical file on 1 other species,https://butterfly-identification.b-cdn.net/species/hesperiidae/celaenorrhinus_sumitra/adult_reference.webp,Public domain,"https://commons.wikimedia.org/wiki/File:Butterflies_from_China,_Japan,_and_Corea_(19142279930).jpg",099dfebc-fab1-483c-aa42-e1e681887d9b
SHARED,Daimio sinica,Daimio sinica,Hesperiidae,True,Butterflies_from_China%2C_Japan%2C_and_Corea_%2819142276520%29.jpg — identical file on 1 other species,https://butterfly-identification.b-cdn.net/species/hesperiidae/daimio_sinica/adult_reference.webp,Public domain,"https://commons.wikimedia.org/wiki/File:Butterflies_from_China,_Japan,_and_Corea_(19142276520).jpg",e3471456-12e0-4cfc-bb91-ea1d56463ff3
SHARED,Oriens gola,Common Dartlet,Hesperiidae,True,ProceedingsZoologicalSociety_%281877%29_Plate_LVIII.jpg — identical file on 3 other species,https://butterfly-identification.b-cdn.net/species/hesperiidae/oriens_gola/adult_reference.webp,Public domain,https://commons.wikimedia.org/wiki/File:ProceedingsZoologicalSociety_(1877)_Plate_LVIII.jpg,b03e9bbd-0e49-4d82-8f3d-1942d9389e2c
SHARED,Potanthus dara,Potanthus dara,Hesperiidae,True,Lepidoptera1Cooke.jpg — identical file on 2 other species,https://butterfly-identification.b-cdn.net/species/hesperiidae/potanthus_dara/adult_reference.webp,Public domain,https://commons.wikimedia.org/wiki/File:Lepidoptera1Cooke.jpg,3494242a-a522-451f-877c-8e470dff32f4
SHARED,Agriades aquilo,Arctic Blue,Lycaenidae,True,Agriades_glandon_aquilo_-_Nature_Conservation-001-073-g024.jpg — identical file on 1 other species,https://butterfly-identification.b-cdn.net/species/lycaenidae/agriades_aquilo/adult_reference.webp,CC BY 3.0,https://commons.wikimedia.org/wiki/File:Agriades_glandon_aquilo_-_Nature_Conservation-001-073-g024.jpg,71ac9228-031a-41de-afaa-ece973b72d51
SHARED,Agriades glandon,Glandon Blue,Lycaenidae,True,Agriades_glandon_aquilo_-_Nature_Conservation-001-073-g024.jpg — identical file on 1 other species,https://butterfly-identification.b-cdn.net/species/lycaenidae/agriades_glandon/adult_reference.webp,CC BY 3.0,https://commons.wikimedia.org/wiki/File:Agriades_glandon_aquilo_-_Nature_Conservation-001-073-g024.jpg,055ab38b-e882-49c7-9302-8eaf514a8b68
SHARED,Arhopala alemon,Arhopala alemon,Lycaenidae,True,JournalBombayNHS1891PlateF.jpg — identical file on 1 other species,https://butterfly-identification.b-cdn.net/species/lycaenidae/arhopala_alemon/adult_reference.webp,Public domain,https://commons.wikimedia.org/wiki/File:JournalBombayNHS1891PlateF.jpg,5327749d-74ea-4926-b256-1534e6d882b6
SHARED,Arhopala zeta,Andaman Tailless Oakblue,Lycaenidae,True,ProceedingsZoologicalSociety_%281877%29_Plate_LVIII.jpg — identical file on 3 other species,https://butterfly-identification.b-cdn.net/species/lycaenidae/arhopala_zeta/adult_reference.webp,Public domain,https://commons.wikimedia.org/wiki/File:ProceedingsZoologicalSociety_(1877)_Plate_LVIII.jpg,994ffece-50c7-480a-a0d0-1687d05ff82b
SHARED,Celatoxia albidisca,White-disc Hedge Blue,Lycaenidae,True,IndianLepidoptera1Moore.jpg — identical file on 1 other species,https://butterfly-identification.b-cdn.net/species/lycaenidae/cyaniris_albidisca/adult_reference.webp,Public domain,https://commons.wikimedia.org/wiki/File:IndianLepidoptera1Moore.jpg,bde9c2ba-c1b9-43de-8cce-7c938bc43377
SHARED,Cigaritis lohita,Long-banded Silverline,Lycaenidae,True,Long-banded_Silverline_%28Cigaritis_lohita%29.jpg — identical file on 1 other species,https://butterfly-identification.b-cdn.net/species/lycaenidae/cigaritis_lohita/adult_reference.webp,CC BY 4.0,https://commons.wikimedia.org/wiki/File:Long-banded_Silverline_(Cigaritis_lohita).jpg,a7c2734b-6696-4f3f-8587-bc0d2aab9f07
SHARED,Cigaritis vulcanus,Common Silverline,Lycaenidae,True,1st_inster_caterpillar_of_Cigaritis_vulcanus_%28Fabricius%2C_1775%29_-_Common_Silverline_WLB.jpg — identical file on 1 other species,https://butterfly-identification.b-cdn.net/species/lycaenidae/cigaritis_vulcanus/adult_reference.webp,CC BY-SA 4.0,"https://commons.wikimedia.org/wiki/File:1st_inster_caterpillar_of_Cigaritis_vulcanus_(Fabricius,_1775)_-_Common_Silverline_WLB.jpg",0e7bbf48-ff4a-48db-becf-7d8faa59b349
SHARED,Curetis saronis,Burmese sunbeam,Lycaenidae,True,IndianLepidoptera1Moore.jpg — identical file on 1 other species,https://butterfly-identification.b-cdn.net/species/lycaenidae/curetis_saronis/adult_reference.webp,Public domain,https://commons.wikimedia.org/wiki/File:IndianLepidoptera1Moore.jpg,30ff5729-7403-4728-9228-725bf103a428
SHARED,Ionolyce helicon,Pointed Lineblue,Lycaenidae,True,IonolyceHeliconHeliconFUpUnAC1.jpg — identical file on 1 other species,https://butterfly-identification.b-cdn.net/species/lycaenidae/ionolyce_helicon/adult_reference.webp,CC BY 3.0,https://commons.wikimedia.org/wiki/File:IonolyceHeliconHeliconFUpUnAC1.jpg,9ed61762-32be-4b6d-a551-ad7eed0b7c4d
SHARED,Lycaena galathea,Lycaena galathea,Lycaenidae,True,Lepidoptera2Cooke.jpg — identical file on 3 other species,https://butterfly-identification.b-cdn.net/species/lycaenidae/lycaena_galathea/adult_reference.webp,Public domain,https://commons.wikimedia.org/wiki/File:Lepidoptera2Cooke.jpg,6212b4b5-dee4-4bf1-a2f0-3d5060308c15
SHARED,Myrina prabha,Myrina prabha,Lycaenidae,True,ProceedingsZoologicalSociety_%281877%29_Plate_LVIII.jpg — identical file on 3 other species,https://butterfly-identification.b-cdn.net/species/lycaenidae/myrina_prabha/adult_reference.webp,Public domain,https://commons.wikimedia.org/wiki/File:ProceedingsZoologicalSociety_(1877)_Plate_LVIII.jpg,f0deed13-7237-4881-955a-e88239f103f1
SHARED,Nacaduba helicon,Nacaduba helicon,Lycaenidae,True,IonolyceHeliconHeliconFUpUnAC1.jpg — identical file on 1 other species,https://butterfly-identification.b-cdn.net/species/lycaenidae/nacaduba_helicon/adult_reference.webp,CC BY 3.0,https://commons.wikimedia.org/wiki/File:IonolyceHeliconHeliconFUpUnAC1.jpg,09d71a05-2b11-4db5-bfbe-72e084d1a841
SHARED,Pamiria galathea,Pamiria galathea,Lycaenidae,True,Lepidoptera2Cooke.jpg — identical file on 3 other species,https://butterfly-identification.b-cdn.net/species/lycaenidae/pamiria_galathea/adult_reference.webp,Public domain,https://commons.wikimedia.org/wiki/File:Lepidoptera2Cooke.jpg,6ed31e58-e852-42f3-be4c-f7e11641c07a
SHARED,Pseudozizeeria maha,Pale Grass Blue,Lycaenidae,True,Pale_Grass_Blue.jpg — identical file on 1 other species,https://butterfly-identification.b-cdn.net/species/lycaenidae/pseudozizeeria_maha/adult_reference.webp,Public domain,https://commons.wikimedia.org/wiki/File:Pale_Grass_Blue.jpg,42a9cfd2-dacb-4526-99fa-9bc99a0a58f9
SHARED,Rapala manea,Slate Flash,Lycaenidae,True,A_Rapala_manea_%28Hewitson%2C_1863%29_-_Slate_Flash%28Male%29_specimen_caught_in_cobweb_WLB_IMG_0312b.jpg — identical file on 1 other species,https://butterfly-identification.b-cdn.net/species/lycaenidae/rapala_manea/adult_reference.webp,CC BY-SA 4.0,"https://commons.wikimedia.org/wiki/File:A_Rapala_manea_(Hewitson,_1863)_-_Slate_Flash(Male)_specimen_caught_in_cobweb_WLB_IMG_0312b.jpg",017b2693-494b-489f-bbf4-c880e80ab046
SHARED,Rapala schistacea,Slate Flash,Lycaenidae,True,A_Rapala_manea_%28Hewitson%2C_1863%29_-_Slate_Flash%28Male%29_specimen_caught_in_cobweb_WLB_IMG_0312b.jpg — identical file on 1 other species,https://butterfly-identification.b-cdn.net/species/lycaenidae/rapala_schistacea/adult_reference.webp,CC BY-SA 4.0,"https://commons.wikimedia.org/wiki/File:A_Rapala_manea_(Hewitson,_1863)_-_Slate_Flash(Male)_specimen_caught_in_cobweb_WLB_IMG_0312b.jpg",bcc21b21-a1fb-4bbf-9257-0ad5fec62b9a
SHARED,Spindasis lohita,Long-banded Silverline,Lycaenidae,True,Long-banded_Silverline_%28Cigaritis_lohita%29.jpg — identical file on 1 other species,https://butterfly-identification.b-cdn.net/species/lycaenidae/spindasis_lohita/adult_reference.webp,CC BY 4.0,https://commons.wikimedia.org/wiki/File:Long-banded_Silverline_(Cigaritis_lohita).jpg,ddd436ee-c24b-453b-bdc0-7e94788d92cd
SHARED,Zizeeria maha,Zizeeria maha,Lycaenidae,True,Pale_Grass_Blue.jpg — identical file on 1 other species,https://butterfly-identification.b-cdn.net/species/lycaenidae/zizeeria_maha/adult_reference.webp,Public domain,https://commons.wikimedia.org/wiki/File:Pale_Grass_Blue.jpg,2d1de57b-3d3a-4b80-99d4-d88c41bcb855
SHARED,Apatura ambica,Apatura ambica,Nymphalidae,True,Indian_purple_emperor_%28Mimathyma_ambica%29.jpg — identical file on 1 other species,https://butterfly-identification.b-cdn.net/species/nymphalidae/apatura_ambica/adult_reference.webp,CC0,https://commons.wikimedia.org/wiki/File:Indian_purple_emperor_(Mimathyma_ambica).jpg,60c19c6c-1468-4622-baca-c6d4220c5287
SHARED,Boloria gong,Boloria gong,Nymphalidae,True,NW144-13_Boloria_gong_splendens_%283430850627%29.jpg — identical file on 1 other species,https://butterfly-identification.b-cdn.net/species/nymphalidae/boloria_gong/adult_reference.webp,CC0,https://commons.wikimedia.org/wiki/File:NW144-13_Boloria_gong_splendens_(3430850627).jpg,f87b6513-415c-4b15-9396-8f090892fb1e
SHARED,Callerebia kalinda,Callerebia kalinda,Nymphalidae,True,Butterflies_of_Garhwal%2C_Uttarakhand%2C_western_Himalaya%2C_India_3.jpg — identical file on 1 other species,https://butterfly-identification.b-cdn.net/species/nymphalidae/callerebia_kalinda/adult_reference.webp,CC BY 4.0,"https://commons.wikimedia.org/wiki/File:Butterflies_of_Garhwal,_Uttarakhand,_western_Himalaya,_India_3.jpg",b6aa3f80-5abd-42ac-b96e-71988d1e0305
SHARED,Charaxes bharata,Indian Nawab,Nymphalidae,True,Polyura_athamas_attalus_MHNT.jpg?utm_source=commons.wikimedia.org&utm_campaign=imageinfo&utm_content=original — identical file on 1 other species,https://butterfly-identification.b-cdn.net/species/nymphalidae/charaxes_bharata/adult_reference.webp,CC BY-SA 4.0,https://commons.wikimedia.org/wiki/File:Polyura_athamas_attalus_MHNT.jpg,7b160d83-fe70-4c7e-bd08-650a83b40a74
SHARED,Charaxes schreiber,Blue Nawab,Nymphalidae,True,PolyuraSchreiberFUpUnJavaAC1.jpg — identical file on 1 other species,https://butterfly-identification.b-cdn.net/species/nymphalidae/polyura_schreiber/adult_reference.webp,CC BY 3.0,https://commons.wikimedia.org/wiki/File:PolyuraSchreiberFUpUnJavaAC1.jpg,dacc2811-d342-4e08-ba31-ca3da18a8dfa
SHARED,Chazara heydenreichi,Chazara heydenreichi,Nymphalidae,True,MZLU-00106585_%2850735767297%29.jpg — identical file on 1 other species,https://butterfly-identification.b-cdn.net/species/nymphalidae/chazara_heydenreichi/adult_reference.webp,CC0,https://commons.wikimedia.org/wiki/File:MZLU-00106585_(50735767297).jpg,3d95be33-2645-4ae4-a128-e545f435644b
SHARED,Clossiana gong,Clossiana gong,Nymphalidae,True,NW144-13_Boloria_gong_splendens_%283430850627%29.jpg — identical file on 1 other species,https://butterfly-identification.b-cdn.net/species/nymphalidae/clossiana_gong/adult_reference.webp,CC0,https://commons.wikimedia.org/wiki/File:NW144-13_Boloria_gong_splendens_(3430850627).jpg,ae537e56-9a6b-405d-ac56-d47c526330f6
SHARED,Dophla evelina,Red-spot Duke,Nymphalidae,True,NW103-3_Dophla_evelina_%283429352591%29.jpg — identical file on 1 other species,https://butterfly-identification.b-cdn.net/species/nymphalidae/dophla_evelina/adult_reference.webp,CC0,https://commons.wikimedia.org/wiki/File:NW103-3_Dophla_evelina_(3429352591).jpg,312f42e7-c4da-4268-9ba9-2f99bbd5848e
SHARED,Elymnias caudata,Tailed Palmfly,Nymphalidae,True,Elymnias_hypermnestra_male_by_kadavoor.jpg — identical file on 1 other species,https://butterfly-identification.b-cdn.net/species/nymphalidae/elymnias_caudata/adult_reference.webp,CC0,https://commons.wikimedia.org/wiki/File:Elymnias_hypermnestra_male_by_kadavoor.jpg,4d5bdaeb-f714-47af-bd3b-7ee07153092b
SHARED,Elymnias hypermnestra,Common Palmfly,Nymphalidae,True,Elymnias_hypermnestra_male_by_kadavoor.jpg — identical file on 1 other species,https://butterfly-identification.b-cdn.net/species/nymphalidae/elymnias_hypermnestra/adult_reference.webp,CC0,https://commons.wikimedia.org/wiki/File:Elymnias_hypermnestra_male_by_kadavoor.jpg,1dd13c28-b2af-46e4-954d-aeee22755f6f
SHARED,Euthalia evelina,Euthalia evelina,Nymphalidae,True,NW103-3_Dophla_evelina_%283429352591%29.jpg — identical file on 1 other species,https://butterfly-identification.b-cdn.net/species/nymphalidae/euthalia_evelina/adult_reference.webp,CC0,https://commons.wikimedia.org/wiki/File:NW103-3_Dophla_evelina_(3429352591).jpg,95343fcf-8415-4f47-80a5-e5ac565534ee
SHARED,Euthalia nais,Euthalia nais,Nymphalidae,True,A_pupa_of_Symphaedra_nais_%28Forster%2C_1771%29_-_Baronet_%282%29_WLB.jpg — identical file on 1 other species,https://butterfly-identification.b-cdn.net/species/nymphalidae/euthalia_nais/adult_reference.webp,CC BY-SA 4.0,"https://commons.wikimedia.org/wiki/File:A_pupa_of_Symphaedra_nais_(Forster,_1771)_-_Baronet_(2)_WLB.jpg",29d19947-6146-465b-b208-60684f7159fa
SHARED,Hyponephele davendra,Hyponephele davendra,Nymphalidae,True,Lepidoptera1Cooke.jpg — identical file on 2 other species,https://butterfly-identification.b-cdn.net/species/nymphalidae/hyponephele_davendra/adult_reference.webp,Public domain,https://commons.wikimedia.org/wiki/File:Lepidoptera1Cooke.jpg,14c7bc8a-8110-4458-afc6-6987dea68a02
SHARED,Lasiommata maera,Large Wall,Nymphalidae,True,Lasiommata_maera_-_Braunauge.jpg — identical file on 1 other species,https://butterfly-identification.b-cdn.net/species/nymphalidae/lasiommata_maera/adult_reference.webp,Public domain,https://commons.wikimedia.org/wiki/File:Lasiommata_maera_-_Braunauge.jpg,5be1843f-65a2-4294-9497-5140dc37e1aa
SHARED,Lethe brisanda,Lethe brisanda,Nymphalidae,True,IndianButterflies1Purkiss1887.jpg — identical file on 1 other species,https://butterfly-identification.b-cdn.net/species/nymphalidae/lethe_brisanda/adult_reference.webp,Public domain,https://commons.wikimedia.org/wiki/File:IndianButterflies1Purkiss1887.jpg,55266bc8-fecc-4b74-b2b7-e84a6e7de701
SHARED,Lethe nicetella,small woodbrown,Nymphalidae,True,IndianButterflies1Purkiss1887.jpg — identical file on 1 other species,https://butterfly-identification.b-cdn.net/species/nymphalidae/lethe_nicetella/adult_reference.webp,Public domain,https://commons.wikimedia.org/wiki/File:IndianButterflies1Purkiss1887.jpg,bcad5f68-c297-489e-8000-b5d2add2b935
SHARED,Mimathyma ambica,Indian Purple Emperor,Nymphalidae,True,Indian_purple_emperor_%28Mimathyma_ambica%29.jpg — identical file on 1 other species,https://butterfly-identification.b-cdn.net/species/nymphalidae/mimathyma_ambica/adult_reference.webp,CC0,https://commons.wikimedia.org/wiki/File:Indian_purple_emperor_(Mimathyma_ambica).jpg,8b2e9b28-bbe0-4595-b7c0-fe2be1995ede
SHARED,Mycalesis mystes,Mycalesis mystes,Nymphalidae,True,JournalBombayNHS1891PlateF.jpg — identical file on 1 other species,https://butterfly-identification.b-cdn.net/species/nymphalidae/mycalesis_mystes/adult_reference.webp,Public domain,https://commons.wikimedia.org/wiki/File:JournalBombayNHS1891PlateF.jpg,c867cf51-eb41-416b-b4d2-cd1019d194eb
SHARED,Mycalesis radza,Andamanese Eyed Bushbrown,Nymphalidae,True,ProceedingsZoologicalSociety_%281877%29_Plate_LVIII.jpg — identical file on 3 other species,https://butterfly-identification.b-cdn.net/species/nymphalidae/mycalesis_radza/adult_reference.webp,Public domain,https://commons.wikimedia.org/wiki/File:ProceedingsZoologicalSociety_(1877)_Plate_LVIII.jpg,15d9821f-3fbc-416f-9ccc-046d703677d0
SHARED,Pararge maera,Pararge maera,Nymphalidae,True,Lasiommata_maera_-_Braunauge.jpg — identical file on 1 other species,https://butterfly-identification.b-cdn.net/species/nymphalidae/pararge_maera/adult_reference.webp,Public domain,https://commons.wikimedia.org/wiki/File:Lasiommata_maera_-_Braunauge.jpg,be6ef69c-722e-4f8d-a2aa-3776f0914b6e
SHARED,Polyura athamas,Nawab,Nymphalidae,True,Polyura_athamas_attalus_MHNT.jpg — identical file on 1 other species,https://butterfly-identification.b-cdn.net/species/nymphalidae/polyura_athamas/adult_reference.webp,CC BY-SA 4.0,https://commons.wikimedia.org/wiki/File:Polyura_athamas_attalus_MHNT.jpg,ec84f476-f4b8-4a36-9aca-c03800d9d2a6
SHARED,Polyura schreiberi,Polyura schreiberi,Nymphalidae,True,PolyuraSchreiberFUpUnJavaAC1.jpg — identical file on 1 other species,https://butterfly-identification.b-cdn.net/species/nymphalidae/polyura_schreiberi/adult_reference.webp,CC BY 3.0,https://commons.wikimedia.org/wiki/File:PolyuraSchreiberFUpUnJavaAC1.jpg,f728042e-12ec-4713-9ef1-e02004bc0f19
SHARED,Satyrus baldiva,Satyrus baldiva,Nymphalidae,True,Lepidoptera1Cooke.jpg — identical file on 2 other species,https://butterfly-identification.b-cdn.net/species/nymphalidae/satyrus_baldiva/adult_reference.webp,Public domain,https://commons.wikimedia.org/wiki/File:Lepidoptera1Cooke.jpg,d85c2e25-752a-485d-9940-b17b15d927da
SHARED,Satyrus heydenreichi,Satyrus heydenreichi,Nymphalidae,True,MZLU-00106585_%2850735767297%29.jpg — identical file on 1 other species,https://butterfly-identification.b-cdn.net/species/nymphalidae/satyrus_heydenreichi/adult_reference.webp,CC0,https://commons.wikimedia.org/wiki/File:MZLU-00106585_(50735767297).jpg,a75f1603-653c-43a2-bfe0-de5a9b89ddbe
SHARED,Symphaedra nais,Baronet,Nymphalidae,True,A_pupa_of_Symphaedra_nais_%28Forster%2C_1771%29_-_Baronet_%282%29_WLB.jpg — identical file on 1 other species,https://butterfly-identification.b-cdn.net/species/nymphalidae/symphaedra_nais/adult_reference.webp,CC BY-SA 4.0,"https://commons.wikimedia.org/wiki/File:A_pupa_of_Symphaedra_nais_(Forster,_1771)_-_Baronet_(2)_WLB.jpg",02767ae7-21b0-4463-9d57-b210bf2477a4
SHARED,Ypthima avanta,Jewel Five-ring,Nymphalidae,True,Butterflies_of_Garhwal%2C_Uttarakhand%2C_western_Himalaya%2C_India_3.jpg — identical file on 1 other species,https://butterfly-identification.b-cdn.net/species/nymphalidae/ypthima_avanta/adult_reference.webp,CC BY 4.0,"https://commons.wikimedia.org/wiki/File:Butterflies_of_Garhwal,_Uttarakhand,_western_Himalaya,_India_3.jpg",ef330595-dd18-465f-848e-69da43227a40
SHARED,Chilasa paradoxa,Great Blue Mime,Papilionidae,True,Papilio_paradoxa_-_Great_Blue_Mime_%287211060428%29.jpg — identical file on 1 other species,https://butterfly-identification.b-cdn.net/species/papilionidae/chilasa_paradoxa/adult_reference.webp,CC BY 2.0,https://commons.wikimedia.org/wiki/File:Papilio_paradoxa_-_Great_Blue_Mime_(7211060428).jpg,e0679500-3b5e-4ad3-b3b8-b63c40bc6429
SHARED,Chilasa slateri,Blue-striped Mime,Papilionidae,True,C_slateri_hewitsoniMUpUnAC1.jpg — identical file on 1 other species,https://butterfly-identification.b-cdn.net/species/papilionidae/chilasa_slateri/adult_reference.webp,CC BY 3.0,https://commons.wikimedia.org/wiki/File:C_slateri_hewitsoniMUpUnAC1.jpg,86cbf3f6-fd8e-43ac-a4ca-dd176fd19d10
SHARED,Graphium antiphates,Five Bar Swordtail,Papilionidae,True,Himalayan_Five-bar_Swordtail.jpg — identical file on 1 other species,https://butterfly-identification.b-cdn.net/species/papilionidae/graphium_antiphates/adult_reference.webp,CC BY 4.0,https://commons.wikimedia.org/wiki/File:Himalayan_Five-bar_Swordtail.jpg,8106cbeb-4559-4999-b0f2-5b2392303d43
SHARED,Graphium chironides,Veined Jay,Papilionidae,True,Close_wing_mud-puddling_position_of_Graphium_chironides_%28Honrath%2C_1884%29_-_Veined_Jay_WLB_12jpg.jpg — identical file on 1 other species,https://butterfly-identification.b-cdn.net/species/papilionidae/graphium_chironides/adult_reference.webp,CC BY 4.0,"https://commons.wikimedia.org/wiki/File:Close_wing_mud-puddling_position_of_Graphium_chironides_(Honrath,_1884)_-_Veined_Jay_WLB_12jpg.jpg",59a97434-acff-4991-b191-7f6967d1063f
SHARED,Graphium eurypylus,Great Jay,Papilionidae,True,Graphium_eurypylus_cheronus_%28left%29_Papilio_nephelus_chaon_%28right%29_%287211072124%29.jpg — identical file on 1 other species,https://butterfly-identification.b-cdn.net/species/papilionidae/graphium_eurypylus/adult_reference.webp,CC BY 2.0,https://commons.wikimedia.org/wiki/File:Graphium_eurypylus_cheronus_(left)_Papilio_nephelus_chaon_(right)_(7211072124).jpg,75c1ee19-4aee-4b71-b722-2885b6413a65
SHARED,Graphium mandarinus,Spectacle Swordtail,Papilionidae,True,Close_wing_in_a_mud_puddling_position_of_Graphium_paphus_%28de_Nic%C3%A9ville%2C_1886%29_-_%28Spectacle%29_Swordtail_WLB_IMG_20240429_121452.jpg — identical file on 1 other species,https://butterfly-identification.b-cdn.net/species/papilionidae/graphium_mandarinus/adult_reference.webp,CC0,"https://commons.wikimedia.org/wiki/File:Close_wing_in_a_mud_puddling_position_of_Graphium_paphus_(de_Nic%C3%A9ville,_1886)_-_(Spectacle)_Swordtail_WLB_IMG_20240429_121452.jpg",059736d6-14d3-4996-99d3-dadfa22744a0
SHARED,Graphium paphus,Graphium paphus,Papilionidae,True,Close_wing_in_a_mud_puddling_position_of_Graphium_paphus_%28de_Nic%C3%A9ville%2C_1886%29_-_%28Spectacle%29_Swordtail_WLB_IMG_20240429_121452.jpg — identical file on 1 other species,https://butterfly-identification.b-cdn.net/species/papilionidae/graphium_paphus/adult_reference.webp,CC0,"https://commons.wikimedia.org/wiki/File:Close_wing_in_a_mud_puddling_position_of_Graphium_paphus_(de_Nic%C3%A9ville,_1886)_-_(Spectacle)_Swordtail_WLB_IMG_20240429_121452.jpg",fd11bb0d-a76f-4721-848f-72e215f1fb96
SHARED,Papilio arethusa,Papilio arethusa,Papilionidae,True,Colotis_euippe-01_%28xndr%29.jpg — identical file on 1 other species,https://butterfly-identification.b-cdn.net/species/papilionidae/papilio_arethusa/adult_reference.webp,CC BY 3.0,https://commons.wikimedia.org/wiki/File:Colotis_euippe-01_(xndr).jpg,9a9eda34-041a-4e80-a003-f044ca2580dd
SHARED,Papilio chiron,Papilio chiron,Papilionidae,True,Close_wing_mud-puddling_position_of_Graphium_chironides_%28Honrath%2C_1884%29_-_Veined_Jay_WLB_12jpg.jpg — identical file on 1 other species,https://butterfly-identification.b-cdn.net/species/papilionidae/papilio_chiron/adult_reference.webp,CC BY 4.0,"https://commons.wikimedia.org/wiki/File:Close_wing_mud-puddling_position_of_Graphium_chironides_(Honrath,_1884)_-_Veined_Jay_WLB_12jpg.jpg",34fa1715-1157-409d-9e8b-5699fdbbf56f
SHARED,Papilio eucharis,Papilio eucharis,Papilionidae,True,Common_Jezebel_Delias_eucharis_by_kadavoor_3.jpg — identical file on 1 other species,https://butterfly-identification.b-cdn.net/species/papilionidae/papilio_eucharis/adult_reference.webp,CC0,https://commons.wikimedia.org/wiki/File:Common_Jezebel_Delias_eucharis_by_kadavoor_3.jpg,180903cc-0b61-405b-99af-c85fc16bb774
SHARED,Papilio nephelus,Black-and-white Helen Swallowtail,Papilionidae,True,Graphium_eurypylus_cheronus_%28left%29_Papilio_nephelus_chaon_%28right%29_%287211072124%29.jpg — identical file on 1 other species,https://butterfly-identification.b-cdn.net/species/papilionidae/papilio_nephelus/adult_reference.webp,CC BY 2.0,https://commons.wikimedia.org/wiki/File:Graphium_eurypylus_cheronus_(left)_Papilio_nephelus_chaon_(right)_(7211072124).jpg,9c8ac054-9d0c-47bc-9056-69630241efd3
SHARED,Papilio paradoxa,Papilio paradoxa,Papilionidae,True,Papilio_paradoxa_-_Great_Blue_Mime_%287211060428%29.jpg — identical file on 1 other species,https://butterfly-identification.b-cdn.net/species/papilionidae/papilio_paradoxa/adult_reference.webp,CC BY 2.0,https://commons.wikimedia.org/wiki/File:Papilio_paradoxa_-_Great_Blue_Mime_(7211060428).jpg,e10d8e0b-c56f-4303-8c48-2dbbc6cbcd2f
SHARED,Papilio slateri,Papilio slateri,Papilionidae,True,C_slateri_hewitsoniMUpUnAC1.jpg — identical file on 1 other species,https://butterfly-identification.b-cdn.net/species/papilionidae/papilio_slateri/adult_reference.webp,CC BY 3.0,https://commons.wikimedia.org/wiki/File:C_slateri_hewitsoniMUpUnAC1.jpg,74f13c86-bb30-48d6-b8b6-4583d68bfb71
SHARED,Pathysa antiphates,Pathysa antiphates,Papilionidae,True,Himalayan_Five-bar_Swordtail.jpg — identical file on 1 other species,https://butterfly-identification.b-cdn.net/species/papilionidae/pathysa_antiphates/adult_reference.webp,CC BY 4.0,https://commons.wikimedia.org/wiki/File:Himalayan_Five-bar_Swordtail.jpg,e89596b9-5681-4d55-ab12-f1b54facaf87
SHARED,Aporia leucodice,Baluchi Blackvein,Pieridae,True,GroseSmithKirby1892RhopExotPierinaeII.jpg — identical file on 1 other species,https://butterfly-identification.b-cdn.net/species/pieridae/aporia_leucodice/adult_reference.webp,Public domain,https://commons.wikimedia.org/wiki/File:GroseSmithKirby1892RhopExotPierinaeII.jpg,08d2db94-868a-4ad8-bcc6-a9b1c01c884a
SHARED,Appias lalassis,Burmese Puffin,Pieridae,True,GroseSmithKirby1892RhopExotPierinaeII.jpg — identical file on 1 other species,https://butterfly-identification.b-cdn.net/species/pieridae/appias_lalassis/adult_reference.webp,Public domain,https://commons.wikimedia.org/wiki/File:GroseSmithKirby1892RhopExotPierinaeII.jpg,30554e6f-bc96-4a38-9d46-c909872753d3
SHARED,Cepora lichenosa,Cepora lichenosa,Pieridae,True,Egg_of_Cepora_nerissa_%28Fabricius%2C_1775%29_-_Common_Gull_ANK7570.jpg — identical file on 1 other species,https://butterfly-identification.b-cdn.net/species/pieridae/cepora_lichenosa/adult_reference.webp,CC BY 4.0,"https://commons.wikimedia.org/wiki/File:Egg_of_Cepora_nerissa_(Fabricius,_1775)_-_Common_Gull_ANK7570.jpg",62edb5f2-5be7-4bfa-b965-1a427013b423
SHARED,Cepora nerissa,Common Gull,Pieridae,True,Egg_of_Cepora_nerissa_%28Fabricius%2C_1775%29_-_Common_Gull_ANK7570.jpg — identical file on 1 other species,https://butterfly-identification.b-cdn.net/species/pieridae/cepora_nerissa/adult_reference.webp,CC BY 4.0,"https://commons.wikimedia.org/wiki/File:Egg_of_Cepora_nerissa_(Fabricius,_1775)_-_Common_Gull_ANK7570.jpg",374fd4f0-67b3-4893-886a-190cd1429e7d
SHARED,Colias ladakensis,Ladakh Clouded Yellow,Pieridae,True,Lepidoptera2Cooke.jpg — identical file on 3 other species,https://butterfly-identification.b-cdn.net/species/pieridae/colias_ladakensis/adult_reference.webp,Public domain,https://commons.wikimedia.org/wiki/File:Lepidoptera2Cooke.jpg,99f84cc8-57e9-4d66-a218-82e8ff4c0698
SHARED,Delias eucharis,Common Jezebel,Pieridae,True,Common_Jezebel_Delias_eucharis_by_kadavoor_3.jpg — identical file on 1 other species,https://butterfly-identification.b-cdn.net/species/pieridae/delias_eucharis/adult_reference.webp,CC0,https://commons.wikimedia.org/wiki/File:Common_Jezebel_Delias_eucharis_by_kadavoor_3.jpg,7f818f74-f066-45c6-8b87-aca91b97d2b6
SHARED,Euchloe daphalis,Euchloe daphalis,Pieridae,True,Lepidoptera2Cooke.jpg — identical file on 3 other species,https://butterfly-identification.b-cdn.net/species/pieridae/euchloe_daphalis/adult_reference.webp,Public domain,https://commons.wikimedia.org/wiki/File:Lepidoptera2Cooke.jpg,c8407b21-faaf-4aa6-a21a-5833699f8429
